-- ============================================================
-- AUTOMATICALLY GENERATED DUMMY DATA FOR 20 MAIN TABLES (100+ ROWS)
-- ============================================================

-- --- 0. TABLE: KURIKULUM (1 Row) ---
INSERT INTO kurikulum (id_program_studi, nama_kurikulum, tahun_mulai, tahun_akhir, status_kurikulum) VALUES
  (1, 'Kurikulum UPNVJ Baru 2026', 2026, 2030, TRUE);

-- --- 1. TABLE: GEDUNG (20 Rows) ---
INSERT INTO gedung (id_fakultas, nama_gedung) VALUES
  (1, 'Gedung Kartini'),
  (2, 'Gedung Dewantara'),
  (1, 'Gedung Sudirman'),
  (2, 'Gedung Gatot Subroto'),
  (1, 'Gedung Hatta'),
  (2, 'Gedung Sjahrir'),
  (1, 'Gedung Diponegoro'),
  (2, 'Gedung Imam Bonjol'),
  (1, 'Gedung Pattimura'),
  (2, 'Gedung Teuku Umar'),
  (1, 'Gedung Raden Saleh'),
  (2, 'Gedung Multatuli'),
  (1, 'Gedung Habibie'),
  (2, 'Gedung Wahid Hasyim'),
  (1, 'Gedung Samanhudy'),
  (2, 'Gedung Yos Sudarso'),
  (1, 'Gedung Slamet Riyadi'),
  (2, 'Gedung Sutomo'),
  (1, 'Gedung Wahidin'),
  (2, 'Gedung Husni Thamrin');

-- --- 2. TABLE: RUANGAN (50 Rows) ---
INSERT INTO ruangan (id_gedung, nama_ruangan, kapasitas, tipe_ruangan) VALUES
  (6, 'Ruang 101', 30, 'kelas_biasa'::tipe_ruangan),
  (7, 'Ruang 102', 40, 'kelas_biasa'::tipe_ruangan),
  (8, 'Ruang 103', 40, 'laboratorium'::tipe_ruangan),
  (9, 'Ruang 104', 60, 'kelas_biasa'::tipe_ruangan),
  (10, 'Ruang 105', 40, 'kelas_biasa'::tipe_ruangan),
  (11, 'Ruang 106', 40, 'laboratorium'::tipe_ruangan),
  (12, 'Ruang 107', 30, 'kelas_biasa'::tipe_ruangan),
  (13, 'Ruang 108', 40, 'kelas_biasa'::tipe_ruangan),
  (14, 'Ruang 109', 40, 'laboratorium'::tipe_ruangan),
  (15, 'Ruang 110', 30, 'kelas_biasa'::tipe_ruangan),
  (16, 'Ruang 111', 40, 'kelas_biasa'::tipe_ruangan),
  (17, 'Ruang 112', 60, 'laboratorium'::tipe_ruangan),
  (18, 'Ruang 113', 30, 'kelas_biasa'::tipe_ruangan),
  (19, 'Ruang 114', 40, 'kelas_biasa'::tipe_ruangan),
  (20, 'Ruang 115', 30, 'laboratorium'::tipe_ruangan),
  (21, 'Ruang 116', 60, 'kelas_biasa'::tipe_ruangan),
  (22, 'Ruang 117', 30, 'kelas_biasa'::tipe_ruangan),
  (23, 'Ruang 118', 60, 'laboratorium'::tipe_ruangan),
  (24, 'Ruang 119', 60, 'kelas_biasa'::tipe_ruangan),
  (5, 'Ruang 120', 40, 'kelas_biasa'::tipe_ruangan),
  (6, 'Ruang 121', 60, 'laboratorium'::tipe_ruangan),
  (7, 'Ruang 122', 40, 'kelas_biasa'::tipe_ruangan),
  (8, 'Ruang 123', 40, 'kelas_biasa'::tipe_ruangan),
  (9, 'Ruang 124', 40, 'laboratorium'::tipe_ruangan),
  (10, 'Ruang 125', 60, 'kelas_biasa'::tipe_ruangan),
  (11, 'Ruang 126', 60, 'kelas_biasa'::tipe_ruangan),
  (12, 'Ruang 127', 40, 'laboratorium'::tipe_ruangan),
  (13, 'Ruang 128', 40, 'kelas_biasa'::tipe_ruangan),
  (14, 'Ruang 129', 30, 'kelas_biasa'::tipe_ruangan),
  (15, 'Ruang 130', 40, 'laboratorium'::tipe_ruangan),
  (16, 'Ruang 131', 40, 'kelas_biasa'::tipe_ruangan),
  (17, 'Ruang 132', 40, 'kelas_biasa'::tipe_ruangan),
  (18, 'Ruang 133', 40, 'laboratorium'::tipe_ruangan),
  (19, 'Ruang 134', 30, 'kelas_biasa'::tipe_ruangan),
  (20, 'Ruang 135', 40, 'kelas_biasa'::tipe_ruangan),
  (21, 'Ruang 136', 40, 'laboratorium'::tipe_ruangan),
  (22, 'Ruang 137', 40, 'kelas_biasa'::tipe_ruangan),
  (23, 'Ruang 138', 60, 'kelas_biasa'::tipe_ruangan),
  (24, 'Ruang 139', 30, 'laboratorium'::tipe_ruangan),
  (5, 'Ruang 140', 40, 'kelas_biasa'::tipe_ruangan),
  (6, 'Ruang 141', 40, 'kelas_biasa'::tipe_ruangan),
  (7, 'Ruang 142', 40, 'laboratorium'::tipe_ruangan),
  (8, 'Ruang 143', 60, 'kelas_biasa'::tipe_ruangan),
  (9, 'Ruang 144', 30, 'kelas_biasa'::tipe_ruangan),
  (10, 'Ruang 145', 30, 'laboratorium'::tipe_ruangan),
  (11, 'Ruang 146', 30, 'kelas_biasa'::tipe_ruangan),
  (12, 'Ruang 147', 30, 'kelas_biasa'::tipe_ruangan),
  (13, 'Ruang 148', 30, 'laboratorium'::tipe_ruangan),
  (14, 'Ruang 149', 40, 'kelas_biasa'::tipe_ruangan),
  (15, 'Ruang 150', 40, 'kelas_biasa'::tipe_ruangan);

-- --- 3. TABLE: MATA_KULIAH (100 Rows) ---
INSERT INTO mata_kuliah (kode_mata_kuliah, nama_mata_kuliah, sks) VALUES
  ('MK-1001', 'Interaksi Komputer 1', 2),
  ('MK-1002', 'Sistem Informasi 2', 3),
  ('MK-1003', 'Pemrograman Mobile 3', 3),
  ('MK-1004', 'Pemrograman Web 4', 3),
  ('MK-1005', 'Pemrograman Web 5', 3),
  ('MK-1006', 'Pemrograman Web 6', 4),
  ('MK-1007', 'Sistem Informasi 7', 4),
  ('MK-1008', 'Basis Data 8', 2),
  ('MK-1009', 'Metode Penelitian 9', 3),
  ('MK-1010', 'Etika Profesi 10', 3),
  ('MK-1011', 'Metode Penelitian 11', 3),
  ('MK-1012', 'Statistika 12', 3),
  ('MK-1013', 'Manajemen Proyek 13', 2),
  ('MK-1014', 'Rekayasa Lunak 14', 2),
  ('MK-1015', 'Pancasila 15', 3),
  ('MK-1016', 'Algoritma 16', 2),
  ('MK-1017', 'Kalkulus 17', 2),
  ('MK-1018', 'Bahasa Inggris 18', 3),
  ('MK-1019', 'Manajemen Proyek 19', 4),
  ('MK-1020', 'Struktur Data 20', 4),
  ('MK-1021', 'Kalkulus 21', 4),
  ('MK-1022', 'Bahasa Inggris 22', 4),
  ('MK-1023', 'Kewirausahaan 23', 3),
  ('MK-1024', 'Interaksi Komputer 24', 2),
  ('MK-1025', 'Struktur Data 25', 3),
  ('MK-1026', 'Jaringan Komputer 26', 2),
  ('MK-1027', 'Matematika Diskrit 27', 2),
  ('MK-1028', 'Kecerdasan Buatan 28', 2),
  ('MK-1029', 'Kewirausahaan 29', 2),
  ('MK-1030', 'Keamanan Informasi 30', 4),
  ('MK-1031', 'Metode Penelitian 31', 3),
  ('MK-1032', 'Algoritma 32', 4),
  ('MK-1033', 'Algoritma 33', 3),
  ('MK-1034', 'Basis Data 34', 3),
  ('MK-1035', 'Statistika 35', 2),
  ('MK-1036', 'Grafika Komputer 36', 4),
  ('MK-1037', 'Struktur Data 37', 4),
  ('MK-1038', 'Pemrograman Web 38', 4),
  ('MK-1039', 'Grafika Komputer 39', 2),
  ('MK-1040', 'Pancasila 40', 2),
  ('MK-1041', 'Kalkulus 41', 4),
  ('MK-1042', 'Manajemen Proyek 42', 2),
  ('MK-1043', 'Sistem Operasi 43', 3),
  ('MK-1044', 'Metode Penelitian 44', 4),
  ('MK-1045', 'Grafika Komputer 45', 4),
  ('MK-1046', 'Metode Penelitian 46', 3),
  ('MK-1047', 'Kalkulus 47', 4),
  ('MK-1048', 'Sistem Informasi 48', 2),
  ('MK-1049', 'Pancasila 49', 2),
  ('MK-1050', 'Rekayasa Lunak 50', 2),
  ('MK-1051', 'Jaringan Komputer 51', 2),
  ('MK-1052', 'Rekayasa Lunak 52', 4),
  ('MK-1053', 'Fisika Dasar 53', 3),
  ('MK-1054', 'Struktur Data 54', 4),
  ('MK-1055', 'Kalkulus 55', 3),
  ('MK-1056', 'Manajemen Proyek 56', 2),
  ('MK-1057', 'Bahasa Inggris 57', 4),
  ('MK-1058', 'Sistem Informasi 58', 4),
  ('MK-1059', 'Statistika 59', 3),
  ('MK-1060', 'Metode Penelitian 60', 3),
  ('MK-1061', 'Etika Profesi 61', 3),
  ('MK-1062', 'Grafika Komputer 62', 4),
  ('MK-1063', 'Sistem Operasi 63', 4),
  ('MK-1064', 'Basis Data 64', 4),
  ('MK-1065', 'Bahasa Inggris 65', 3),
  ('MK-1066', 'Basis Data 66', 3),
  ('MK-1067', 'Kewirausahaan 67', 4),
  ('MK-1068', 'Rekayasa Lunak 68', 2),
  ('MK-1069', 'Algoritma 69', 3),
  ('MK-1070', 'Kecerdasan Buatan 70', 4),
  ('MK-1071', 'Matematika Diskrit 71', 2),
  ('MK-1072', 'Etika Profesi 72', 2),
  ('MK-1073', 'Matematika Diskrit 73', 4),
  ('MK-1074', 'Interaksi Komputer 74', 2),
  ('MK-1075', 'Matematika Diskrit 75', 2),
  ('MK-1076', 'Kalkulus 76', 4),
  ('MK-1077', 'Bahasa Inggris 77', 3),
  ('MK-1078', 'Pancasila 78', 2),
  ('MK-1079', 'Etika Profesi 79', 3),
  ('MK-1080', 'Struktur Data 80', 4),
  ('MK-1081', 'Statistika 81', 2),
  ('MK-1082', 'Pemrograman Mobile 82', 3),
  ('MK-1083', 'Keamanan Informasi 83', 2),
  ('MK-1084', 'Struktur Data 84', 3),
  ('MK-1085', 'Sistem Informasi 85', 2),
  ('MK-1086', 'Bahasa Inggris 86', 4),
  ('MK-1087', 'Sistem Operasi 87', 4),
  ('MK-1088', 'Kewirausahaan 88', 4),
  ('MK-1089', 'Kecerdasan Buatan 89', 4),
  ('MK-1090', 'Pemrograman Web 90', 2),
  ('MK-1091', 'Sistem Informasi 91', 2),
  ('MK-1092', 'Keamanan Informasi 92', 4),
  ('MK-1093', 'Metode Penelitian 93', 2),
  ('MK-1094', 'Bahasa Inggris 94', 2),
  ('MK-1095', 'Fisika Dasar 95', 2),
  ('MK-1096', 'Jaringan Komputer 96', 2),
  ('MK-1097', 'Pancasila 97', 4),
  ('MK-1098', 'Basis Data 98', 2),
  ('MK-1099', 'Etika Profesi 99', 4),
  ('MK-1100', 'Jaringan Komputer 00', 4);

-- --- 4. TABLE: PRASYARAT_MATA_KULIAH (100 Rows) ---
INSERT INTO prasyarat_mata_kuliah (id_mata_kuliah, id_prasyarat_mata_kuliah, nilai_min) VALUES
  (12, 15, 'C'::nilai_huruf),
  (13, 16, 'C'::nilai_huruf),
  (14, 17, 'C'::nilai_huruf),
  (15, 18, 'C'::nilai_huruf),
  (16, 19, 'C'::nilai_huruf),
  (17, 20, 'C'::nilai_huruf),
  (18, 21, 'C'::nilai_huruf),
  (19, 22, 'C'::nilai_huruf),
  (20, 23, 'C'::nilai_huruf),
  (21, 24, 'C'::nilai_huruf),
  (22, 25, 'C'::nilai_huruf),
  (23, 26, 'C'::nilai_huruf),
  (24, 27, 'C'::nilai_huruf),
  (25, 28, 'C'::nilai_huruf),
  (26, 29, 'C'::nilai_huruf),
  (27, 30, 'C'::nilai_huruf),
  (28, 31, 'C'::nilai_huruf),
  (29, 32, 'C'::nilai_huruf),
  (30, 33, 'C'::nilai_huruf),
  (31, 34, 'C'::nilai_huruf),
  (32, 35, 'C'::nilai_huruf),
  (33, 36, 'C'::nilai_huruf),
  (34, 37, 'C'::nilai_huruf),
  (35, 38, 'C'::nilai_huruf),
  (36, 39, 'C'::nilai_huruf),
  (37, 40, 'C'::nilai_huruf),
  (38, 41, 'C'::nilai_huruf),
  (39, 42, 'C'::nilai_huruf),
  (40, 43, 'C'::nilai_huruf),
  (41, 44, 'C'::nilai_huruf),
  (42, 45, 'C'::nilai_huruf),
  (43, 46, 'C'::nilai_huruf),
  (44, 47, 'C'::nilai_huruf),
  (45, 48, 'C'::nilai_huruf),
  (46, 49, 'C'::nilai_huruf),
  (47, 50, 'C'::nilai_huruf),
  (48, 51, 'C'::nilai_huruf),
  (49, 52, 'C'::nilai_huruf),
  (50, 53, 'C'::nilai_huruf),
  (51, 54, 'C'::nilai_huruf),
  (52, 55, 'C'::nilai_huruf),
  (53, 56, 'C'::nilai_huruf),
  (54, 57, 'C'::nilai_huruf),
  (55, 58, 'C'::nilai_huruf),
  (56, 59, 'C'::nilai_huruf),
  (57, 60, 'C'::nilai_huruf),
  (58, 61, 'C'::nilai_huruf),
  (59, 62, 'C'::nilai_huruf),
  (60, 63, 'C'::nilai_huruf),
  (61, 64, 'C'::nilai_huruf),
  (62, 65, 'C'::nilai_huruf),
  (63, 66, 'C'::nilai_huruf),
  (64, 67, 'C'::nilai_huruf),
  (65, 68, 'C'::nilai_huruf),
  (66, 69, 'C'::nilai_huruf),
  (67, 70, 'C'::nilai_huruf),
  (68, 71, 'C'::nilai_huruf),
  (69, 72, 'C'::nilai_huruf),
  (70, 73, 'C'::nilai_huruf),
  (71, 74, 'C'::nilai_huruf),
  (72, 75, 'C'::nilai_huruf),
  (73, 76, 'C'::nilai_huruf),
  (74, 77, 'C'::nilai_huruf),
  (75, 78, 'C'::nilai_huruf),
  (76, 79, 'C'::nilai_huruf),
  (77, 80, 'C'::nilai_huruf),
  (78, 81, 'C'::nilai_huruf),
  (79, 82, 'C'::nilai_huruf),
  (80, 83, 'C'::nilai_huruf),
  (81, 84, 'C'::nilai_huruf),
  (82, 85, 'C'::nilai_huruf),
  (83, 86, 'C'::nilai_huruf),
  (84, 87, 'C'::nilai_huruf),
  (85, 88, 'C'::nilai_huruf),
  (86, 89, 'C'::nilai_huruf),
  (87, 90, 'C'::nilai_huruf),
  (88, 91, 'C'::nilai_huruf),
  (89, 92, 'C'::nilai_huruf),
  (90, 93, 'C'::nilai_huruf),
  (91, 94, 'C'::nilai_huruf),
  (92, 95, 'C'::nilai_huruf),
  (93, 96, 'C'::nilai_huruf),
  (94, 97, 'C'::nilai_huruf),
  (95, 98, 'C'::nilai_huruf),
  (96, 99, 'C'::nilai_huruf),
  (97, 100, 'C'::nilai_huruf),
  (98, 101, 'C'::nilai_huruf),
  (99, 102, 'C'::nilai_huruf),
  (100, 103, 'C'::nilai_huruf),
  (101, 104, 'C'::nilai_huruf),
  (102, 105, 'C'::nilai_huruf),
  (103, 106, 'C'::nilai_huruf),
  (104, 107, 'C'::nilai_huruf),
  (105, 108, 'C'::nilai_huruf),
  (106, 109, 'C'::nilai_huruf),
  (107, 110, 'C'::nilai_huruf),
  (108, 11, 'C'::nilai_huruf),
  (109, 12, 'C'::nilai_huruf),
  (110, 13, 'C'::nilai_huruf),
  (11, 14, 'C'::nilai_huruf);

-- --- 5. TABLE: ROMBEL (100 Rows) ---
INSERT INTO rombel (id_program_studi, nama_rombel, angkatan) VALUES
  (2, 'RBL-101', 2025),
  (1, 'RBL-102', 2025),
  (1, 'RBL-103', 2025),
  (3, 'RBL-104', 2025),
  (3, 'RBL-105', 2025),
  (3, 'RBL-106', 2025),
  (2, 'RBL-107', 2025),
  (3, 'RBL-108', 2025),
  (2, 'RBL-109', 2025),
  (1, 'RBL-110', 2025),
  (1, 'RBL-111', 2025),
  (2, 'RBL-112', 2025),
  (2, 'RBL-113', 2025),
  (1, 'RBL-114', 2025),
  (3, 'RBL-115', 2025),
  (2, 'RBL-116', 2025),
  (2, 'RBL-117', 2025),
  (2, 'RBL-118', 2025),
  (1, 'RBL-119', 2025),
  (1, 'RBL-120', 2025),
  (2, 'RBL-121', 2025),
  (2, 'RBL-122', 2025),
  (2, 'RBL-123', 2025),
  (3, 'RBL-124', 2025),
  (1, 'RBL-125', 2025),
  (2, 'RBL-126', 2025),
  (3, 'RBL-127', 2025),
  (3, 'RBL-128', 2025),
  (3, 'RBL-129', 2025),
  (3, 'RBL-130', 2025),
  (1, 'RBL-131', 2025),
  (1, 'RBL-132', 2025),
  (2, 'RBL-133', 2025),
  (1, 'RBL-134', 2025),
  (3, 'RBL-135', 2025),
  (1, 'RBL-136', 2025),
  (3, 'RBL-137', 2025),
  (1, 'RBL-138', 2025),
  (3, 'RBL-139', 2025),
  (2, 'RBL-140', 2025),
  (1, 'RBL-141', 2025),
  (1, 'RBL-142', 2025),
  (3, 'RBL-143', 2025),
  (2, 'RBL-144', 2025),
  (3, 'RBL-145', 2025),
  (2, 'RBL-146', 2025),
  (2, 'RBL-147', 2025),
  (3, 'RBL-148', 2025),
  (2, 'RBL-149', 2025),
  (1, 'RBL-150', 2025),
  (3, 'RBL-151', 2025),
  (3, 'RBL-152', 2025),
  (1, 'RBL-153', 2025),
  (3, 'RBL-154', 2025),
  (1, 'RBL-155', 2025),
  (2, 'RBL-156', 2025),
  (3, 'RBL-157', 2025),
  (2, 'RBL-158', 2025),
  (1, 'RBL-159', 2025),
  (3, 'RBL-160', 2025),
  (2, 'RBL-161', 2025),
  (2, 'RBL-162', 2025),
  (1, 'RBL-163', 2025),
  (1, 'RBL-164', 2025),
  (2, 'RBL-165', 2025),
  (1, 'RBL-166', 2025),
  (3, 'RBL-167', 2025),
  (3, 'RBL-168', 2025),
  (3, 'RBL-169', 2025),
  (3, 'RBL-170', 2025),
  (2, 'RBL-171', 2025),
  (1, 'RBL-172', 2025),
  (1, 'RBL-173', 2025),
  (3, 'RBL-174', 2025),
  (1, 'RBL-175', 2025),
  (1, 'RBL-176', 2025),
  (3, 'RBL-177', 2025),
  (2, 'RBL-178', 2025),
  (2, 'RBL-179', 2025),
  (3, 'RBL-180', 2025),
  (3, 'RBL-181', 2025),
  (3, 'RBL-182', 2025),
  (3, 'RBL-183', 2025),
  (3, 'RBL-184', 2025),
  (1, 'RBL-185', 2025),
  (3, 'RBL-186', 2025),
  (3, 'RBL-187', 2025),
  (3, 'RBL-188', 2025),
  (2, 'RBL-189', 2025),
  (1, 'RBL-190', 2025),
  (3, 'RBL-191', 2025),
  (3, 'RBL-192', 2025),
  (2, 'RBL-193', 2025),
  (3, 'RBL-194', 2025),
  (1, 'RBL-195', 2025),
  (1, 'RBL-196', 2025),
  (2, 'RBL-197', 2025),
  (1, 'RBL-198', 2025),
  (3, 'RBL-199', 2025),
  (1, 'RBL-200', 2025);

-- --- 6. TABLE: KURIKULUM_MATA_KULIAH (100 Rows) ---
INSERT INTO kurikulum_mata_kuliah (id_kurikulum, id_mata_kuliah, semester, tipe_mata_kuliah) VALUES
  (5, 12, 2, 'wajib'::tipe_mata_kuliah),
  (5, 13, 3, 'wajib'::tipe_mata_kuliah),
  (5, 14, 4, 'wajib'::tipe_mata_kuliah),
  (5, 15, 5, 'peminatan'::tipe_mata_kuliah),
  (5, 16, 6, 'wajib'::tipe_mata_kuliah),
  (5, 17, 7, 'wajib'::tipe_mata_kuliah),
  (5, 18, 8, 'wajib'::tipe_mata_kuliah),
  (5, 19, 1, 'peminatan'::tipe_mata_kuliah),
  (5, 20, 2, 'wajib'::tipe_mata_kuliah),
  (5, 21, 3, 'wajib'::tipe_mata_kuliah),
  (5, 22, 4, 'wajib'::tipe_mata_kuliah),
  (5, 23, 5, 'peminatan'::tipe_mata_kuliah),
  (5, 24, 6, 'wajib'::tipe_mata_kuliah),
  (5, 25, 7, 'wajib'::tipe_mata_kuliah),
  (5, 26, 8, 'wajib'::tipe_mata_kuliah),
  (5, 27, 1, 'peminatan'::tipe_mata_kuliah),
  (5, 28, 2, 'wajib'::tipe_mata_kuliah),
  (5, 29, 3, 'wajib'::tipe_mata_kuliah),
  (5, 30, 4, 'wajib'::tipe_mata_kuliah),
  (5, 31, 5, 'peminatan'::tipe_mata_kuliah),
  (5, 32, 6, 'wajib'::tipe_mata_kuliah),
  (5, 33, 7, 'wajib'::tipe_mata_kuliah),
  (5, 34, 8, 'wajib'::tipe_mata_kuliah),
  (5, 35, 1, 'peminatan'::tipe_mata_kuliah),
  (5, 36, 2, 'wajib'::tipe_mata_kuliah),
  (5, 37, 3, 'wajib'::tipe_mata_kuliah),
  (5, 38, 4, 'wajib'::tipe_mata_kuliah),
  (5, 39, 5, 'peminatan'::tipe_mata_kuliah),
  (5, 40, 6, 'wajib'::tipe_mata_kuliah),
  (5, 41, 7, 'wajib'::tipe_mata_kuliah),
  (5, 42, 8, 'wajib'::tipe_mata_kuliah),
  (5, 43, 1, 'peminatan'::tipe_mata_kuliah),
  (5, 44, 2, 'wajib'::tipe_mata_kuliah),
  (5, 45, 3, 'wajib'::tipe_mata_kuliah),
  (5, 46, 4, 'wajib'::tipe_mata_kuliah),
  (5, 47, 5, 'peminatan'::tipe_mata_kuliah),
  (5, 48, 6, 'wajib'::tipe_mata_kuliah),
  (5, 49, 7, 'wajib'::tipe_mata_kuliah),
  (5, 50, 8, 'wajib'::tipe_mata_kuliah),
  (5, 51, 1, 'peminatan'::tipe_mata_kuliah),
  (5, 52, 2, 'wajib'::tipe_mata_kuliah),
  (5, 53, 3, 'wajib'::tipe_mata_kuliah),
  (5, 54, 4, 'wajib'::tipe_mata_kuliah),
  (5, 55, 5, 'peminatan'::tipe_mata_kuliah),
  (5, 56, 6, 'wajib'::tipe_mata_kuliah),
  (5, 57, 7, 'wajib'::tipe_mata_kuliah),
  (5, 58, 8, 'wajib'::tipe_mata_kuliah),
  (5, 59, 1, 'peminatan'::tipe_mata_kuliah),
  (5, 60, 2, 'wajib'::tipe_mata_kuliah),
  (5, 61, 3, 'wajib'::tipe_mata_kuliah),
  (5, 62, 4, 'wajib'::tipe_mata_kuliah),
  (5, 63, 5, 'peminatan'::tipe_mata_kuliah),
  (5, 64, 6, 'wajib'::tipe_mata_kuliah),
  (5, 65, 7, 'wajib'::tipe_mata_kuliah),
  (5, 66, 8, 'wajib'::tipe_mata_kuliah),
  (5, 67, 1, 'peminatan'::tipe_mata_kuliah),
  (5, 68, 2, 'wajib'::tipe_mata_kuliah),
  (5, 69, 3, 'wajib'::tipe_mata_kuliah),
  (5, 70, 4, 'wajib'::tipe_mata_kuliah),
  (5, 71, 5, 'peminatan'::tipe_mata_kuliah),
  (5, 72, 6, 'wajib'::tipe_mata_kuliah),
  (5, 73, 7, 'wajib'::tipe_mata_kuliah),
  (5, 74, 8, 'wajib'::tipe_mata_kuliah),
  (5, 75, 1, 'peminatan'::tipe_mata_kuliah),
  (5, 76, 2, 'wajib'::tipe_mata_kuliah),
  (5, 77, 3, 'wajib'::tipe_mata_kuliah),
  (5, 78, 4, 'wajib'::tipe_mata_kuliah),
  (5, 79, 5, 'peminatan'::tipe_mata_kuliah),
  (5, 80, 6, 'wajib'::tipe_mata_kuliah),
  (5, 81, 7, 'wajib'::tipe_mata_kuliah),
  (5, 82, 8, 'wajib'::tipe_mata_kuliah),
  (5, 83, 1, 'peminatan'::tipe_mata_kuliah),
  (5, 84, 2, 'wajib'::tipe_mata_kuliah),
  (5, 85, 3, 'wajib'::tipe_mata_kuliah),
  (5, 86, 4, 'wajib'::tipe_mata_kuliah),
  (5, 87, 5, 'peminatan'::tipe_mata_kuliah),
  (5, 88, 6, 'wajib'::tipe_mata_kuliah),
  (5, 89, 7, 'wajib'::tipe_mata_kuliah),
  (5, 90, 8, 'wajib'::tipe_mata_kuliah),
  (5, 91, 1, 'peminatan'::tipe_mata_kuliah),
  (5, 92, 2, 'wajib'::tipe_mata_kuliah),
  (5, 93, 3, 'wajib'::tipe_mata_kuliah),
  (5, 94, 4, 'wajib'::tipe_mata_kuliah),
  (5, 95, 5, 'peminatan'::tipe_mata_kuliah),
  (5, 96, 6, 'wajib'::tipe_mata_kuliah),
  (5, 97, 7, 'wajib'::tipe_mata_kuliah),
  (5, 98, 8, 'wajib'::tipe_mata_kuliah),
  (5, 99, 1, 'peminatan'::tipe_mata_kuliah),
  (5, 100, 2, 'wajib'::tipe_mata_kuliah),
  (5, 101, 3, 'wajib'::tipe_mata_kuliah),
  (5, 102, 4, 'wajib'::tipe_mata_kuliah),
  (5, 103, 5, 'peminatan'::tipe_mata_kuliah),
  (5, 104, 6, 'wajib'::tipe_mata_kuliah),
  (5, 105, 7, 'wajib'::tipe_mata_kuliah),
  (5, 106, 8, 'wajib'::tipe_mata_kuliah),
  (5, 107, 1, 'peminatan'::tipe_mata_kuliah),
  (5, 108, 2, 'wajib'::tipe_mata_kuliah),
  (5, 109, 3, 'wajib'::tipe_mata_kuliah),
  (5, 110, 4, 'wajib'::tipe_mata_kuliah),
  (5, 11, 5, 'peminatan'::tipe_mata_kuliah);

-- --- 7. TABLE: DOSEN (100 Rows) ---
INSERT INTO dosen (id_fakultas, nidn, nama_dosen, gelar) VALUES
  (1, '0498712562', 'Fajar Daulay', 'S3'::jenjang),
  (2, '0459645132', 'Lusi Santoso', 'S2'::jenjang),
  (2, '0440249329', 'Yudi Kurniawan', 'S2'::jenjang),
  (2, '0421642617', 'Dedi Hidayat', 'S3'::jenjang),
  (1, '0496003844', 'Hendra Daulay', 'S3'::jenjang),
  (1, '0461065741', 'Siti Lubis', 'S3'::jenjang),
  (2, '0490953833', 'Mega Siregar', 'S2'::jenjang),
  (2, '0458240568', 'Ahmad Yusuf', 'S3'::jenjang),
  (1, '0479084031', 'Dewi Yusuf', 'S2'::jenjang),
  (2, '0417106881', 'Rini Setiawan', 'S3'::jenjang),
  (2, '0439298260', 'Tari Sari', 'S2'::jenjang),
  (1, '0491897252', 'Ahmad Sari', 'S3'::jenjang),
  (2, '0416775154', 'Yudi Manurung', 'S2'::jenjang),
  (2, '0470368100', 'Lusi Ginting', 'S2'::jenjang),
  (2, '0468787648', 'Agung Sari', 'S3'::jenjang),
  (2, '0461230179', 'Putra Kusuma', 'S3'::jenjang),
  (2, '0422436958', 'Mega Fitriani', 'S3'::jenjang),
  (1, '0478457338', 'Tari Wulandari', 'S3'::jenjang),
  (2, '0434772758', 'Rina Wijaya', 'S2'::jenjang),
  (1, '0476067927', 'Agus Daulay', 'S2'::jenjang),
  (2, '0495031756', 'Wibowo Lestari', 'S2'::jenjang),
  (2, '0460693097', 'Slamet Setiawan', 'S3'::jenjang),
  (2, '0427809530', 'Budi Pane', 'S2'::jenjang),
  (2, '0464833192', 'Putra Sitorus', 'S3'::jenjang),
  (1, '0490698862', 'Lusi Manurung', 'S3'::jenjang),
  (1, '0411559846', 'Fajar Wibowo', 'S2'::jenjang),
  (2, '0416226696', 'Wibowo Saputra', 'S2'::jenjang),
  (1, '0439885625', 'Gita Hadi', 'S3'::jenjang),
  (1, '0427303108', 'Diana Sari', 'S2'::jenjang),
  (2, '0434765476', 'Tari Sari', 'S3'::jenjang),
  (2, '0476120557', 'Maya Wijaya', 'S2'::jenjang),
  (2, '0474455284', 'Lestari Lestari', 'S2'::jenjang),
  (1, '0447448889', 'Eko Santoso', 'S3'::jenjang),
  (2, '0454488927', 'Sri Batubara', 'S3'::jenjang),
  (2, '0463902978', 'Ani Pratama', 'S3'::jenjang),
  (2, '0411325099', 'Rudi Kurniawan', 'S3'::jenjang),
  (1, '0455088673', 'Rudi Fitriani', 'S2'::jenjang),
  (1, '0442798670', 'Oki Lestari', 'S3'::jenjang),
  (1, '0487916434', 'Mega Kurniawan', 'S2'::jenjang),
  (1, '0433188359', 'Oki Nasution', 'S2'::jenjang),
  (1, '0471185962', 'Ani Manurung', 'S3'::jenjang),
  (2, '0447021320', 'Rian Mulyadi', 'S2'::jenjang),
  (1, '0444089189', 'Lestari Hidayat', 'S2'::jenjang),
  (2, '0480496316', 'Hadi Batubara', 'S3'::jenjang),
  (1, '0480542900', 'Dian Hadi', 'S3'::jenjang),
  (1, '0438971564', 'Lestari Fitriani', 'S3'::jenjang),
  (2, '0410301907', 'Ahmad Batubara', 'S3'::jenjang),
  (2, '0443375124', 'Farhan Sari', 'S3'::jenjang),
  (2, '0499440251', 'Yeni Daulay', 'S3'::jenjang),
  (2, '0467593408', 'Gita Pohan', 'S2'::jenjang),
  (1, '0494186274', 'Aulia Purba', 'S2'::jenjang),
  (2, '0495611804', 'Mega Sari', 'S3'::jenjang),
  (1, '0479818253', 'Maya Wibowo', 'S3'::jenjang),
  (1, '0494259786', 'Eko Daulay', 'S2'::jenjang),
  (1, '0452023321', 'Farhan Yusuf', 'S3'::jenjang),
  (2, '0447772711', 'Ari Pohan', 'S3'::jenjang),
  (2, '0467978516', 'Budi Sitorus', 'S2'::jenjang),
  (1, '0466735771', 'Rian Yusuf', 'S3'::jenjang),
  (2, '0463991140', 'Lusi Lestari', 'S2'::jenjang),
  (1, '0488715960', 'Ahmad Lestari', 'S3'::jenjang),
  (1, '0428004665', 'Rizky Siregar', 'S2'::jenjang),
  (2, '0444507755', 'Riza Saputra', 'S3'::jenjang),
  (1, '0450688064', 'Agus Wijaya', 'S3'::jenjang),
  (1, '0416001249', 'Ari Harahap', 'S2'::jenjang),
  (1, '0490555414', 'Diana Daulay', 'S3'::jenjang),
  (1, '0429470066', 'Rizky Tanjung', 'S3'::jenjang),
  (2, '0420627585', 'Oki Gunawan', 'S2'::jenjang),
  (2, '0431375975', 'Rina Fitriani', 'S3'::jenjang),
  (1, '0489439610', 'Tari Setiawan', 'S2'::jenjang),
  (2, '0416432097', 'Oki Daulay', 'S2'::jenjang),
  (1, '0425624471', 'Budi Nasution', 'S2'::jenjang),
  (1, '0419148344', 'Putra Suharto', 'S3'::jenjang),
  (1, '0410502179', 'Joko Lestari', 'S2'::jenjang),
  (2, '0411023512', 'Utami Santoso', 'S3'::jenjang),
  (2, '0478304560', 'Utami Daulay', 'S3'::jenjang),
  (1, '0441397484', 'Tari Pratama', 'S3'::jenjang),
  (2, '0489884147', 'Ahmad Gunawan', 'S3'::jenjang),
  (1, '0432585610', 'Eko Mulyadi', 'S2'::jenjang),
  (1, '0491590469', 'Joko Pohan', 'S3'::jenjang),
  (2, '0438112116', 'Bambang Lestari', 'S3'::jenjang),
  (1, '0478604535', 'Eko Sitorus', 'S2'::jenjang),
  (2, '0479598953', 'Anisa Kurniawan', 'S3'::jenjang),
  (1, '0462359443', 'Slamet Ginting', 'S2'::jenjang),
  (2, '0484291200', 'Kartika Pratama', 'S2'::jenjang),
  (1, '0426144925', 'Sri Yusuf', 'S3'::jenjang),
  (2, '0448196723', 'Maya Nasution', 'S3'::jenjang),
  (2, '0482901033', 'Andi Suharto', 'S3'::jenjang),
  (1, '0434787696', 'Dedi Santoso', 'S3'::jenjang),
  (2, '0481449893', 'Rina Setiawan', 'S2'::jenjang),
  (2, '0440743606', 'Oki Saputra', 'S2'::jenjang),
  (1, '0458261781', 'Indah Tanjung', 'S2'::jenjang),
  (1, '0445604028', 'Taufik Kurniawan', 'S2'::jenjang),
  (2, '0464556637', 'Diana Gunawan', 'S3'::jenjang),
  (1, '0426674708', 'Rini Hadi', 'S2'::jenjang),
  (1, '0467206331', 'Ferry Fitriani', 'S3'::jenjang),
  (2, '0410104075', 'Kartika Yusuf', 'S3'::jenjang),
  (2, '0485159593', 'Siti Pohan', 'S3'::jenjang),
  (1, '0464617905', 'Slamet Lubis', 'S3'::jenjang),
  (1, '0449853023', 'Indah Suharto', 'S2'::jenjang),
  (1, '0468088409', 'Siti Setiawan', 'S2'::jenjang);

-- --- 8. TABLE: KELOMPOK (50 Rows) ---
INSERT INTO kelompok (id_rombel, id_dosen, kode_kelompok) VALUES
  (6, 12, 'KLP-101'),
  (7, 13, 'KLP-102'),
  (8, 14, 'KLP-103'),
  (9, 15, 'KLP-104'),
  (10, 16, 'KLP-105'),
  (11, 17, 'KLP-106'),
  (12, 18, 'KLP-107'),
  (13, 19, 'KLP-108'),
  (14, 20, 'KLP-109'),
  (15, 21, 'KLP-110'),
  (16, 22, 'KLP-111'),
  (17, 23, 'KLP-112'),
  (18, 24, 'KLP-113'),
  (19, 25, 'KLP-114'),
  (20, 26, 'KLP-115'),
  (21, 27, 'KLP-116'),
  (22, 28, 'KLP-117'),
  (23, 29, 'KLP-118'),
  (24, 30, 'KLP-119'),
  (25, 31, 'KLP-120'),
  (26, 32, 'KLP-121'),
  (27, 33, 'KLP-122'),
  (28, 34, 'KLP-123'),
  (29, 35, 'KLP-124'),
  (30, 36, 'KLP-125'),
  (31, 37, 'KLP-126'),
  (32, 38, 'KLP-127'),
  (33, 39, 'KLP-128'),
  (34, 40, 'KLP-129'),
  (35, 41, 'KLP-130'),
  (36, 42, 'KLP-131'),
  (37, 43, 'KLP-132'),
  (38, 44, 'KLP-133'),
  (39, 45, 'KLP-134'),
  (40, 46, 'KLP-135'),
  (41, 47, 'KLP-136'),
  (42, 48, 'KLP-137'),
  (43, 49, 'KLP-138'),
  (44, 50, 'KLP-139'),
  (45, 51, 'KLP-140'),
  (46, 52, 'KLP-141'),
  (47, 53, 'KLP-142'),
  (48, 54, 'KLP-143'),
  (49, 55, 'KLP-144'),
  (50, 56, 'KLP-145'),
  (51, 57, 'KLP-146'),
  (52, 58, 'KLP-147'),
  (53, 59, 'KLP-148'),
  (54, 60, 'KLP-149'),
  (5, 61, 'KLP-150');

-- --- 9. TABLE: MAHASISWA (100 Rows) ---
INSERT INTO mahasiswa (id_program_studi, id_kurikulum, id_kelompok, nim, nama_mahasiswa, status_mahasiswa, angkatan) VALUES
  (1, 5, 5, '25105110201', 'Muhammad Hadi', 'aktif'::status_mahasiswa, 2025),
  (3, 5, 6, '25105110202', 'Kartika Setiawan', 'aktif'::status_mahasiswa, 2025),
  (3, 5, 7, '25105110203', 'Dewi Pane', 'aktif'::status_mahasiswa, 2025),
  (2, 5, 8, '25105110204', 'Hadi Simanjuntak', 'aktif'::status_mahasiswa, 2025),
  (3, 5, 9, '25105110205', 'Eko Pratama', 'aktif'::status_mahasiswa, 2025),
  (1, 5, 10, '25105110206', 'Oki Saputra', 'aktif'::status_mahasiswa, 2025),
  (2, 5, 11, '25105110207', 'Lestari Ginting', 'aktif'::status_mahasiswa, 2025),
  (1, 5, 12, '25105110208', 'Anisa Suharto', 'aktif'::status_mahasiswa, 2025),
  (3, 5, 13, '25105110209', 'Oki Simanjuntak', 'aktif'::status_mahasiswa, 2025),
  (1, 5, 14, '25105110210', 'Taufik Gunawan', 'aktif'::status_mahasiswa, 2025),
  (3, 5, 15, '25105110211', 'Dedi Fitriani', 'aktif'::status_mahasiswa, 2025),
  (3, 5, 16, '25105110212', 'Utami Suharto', 'aktif'::status_mahasiswa, 2025),
  (2, 5, 17, '25105110213', 'Nur Pratama', 'aktif'::status_mahasiswa, 2025),
  (3, 5, 18, '25105110214', 'Eko Sitorus', 'aktif'::status_mahasiswa, 2025),
  (3, 5, 19, '25105110215', 'Yeni Simanjuntak', 'aktif'::status_mahasiswa, 2025),
  (2, 5, 20, '25105110216', 'Maya Siregar', 'aktif'::status_mahasiswa, 2025),
  (1, 5, 21, '25105110217', 'Nur Nasution', 'aktif'::status_mahasiswa, 2025),
  (2, 5, 22, '25105110218', 'Riza Tanjung', 'aktif'::status_mahasiswa, 2025),
  (2, 5, 23, '25105110219', 'Farhan Hadi', 'aktif'::status_mahasiswa, 2025),
  (2, 5, 24, '25105110220', 'Kartika Santoso', 'aktif'::status_mahasiswa, 2025),
  (3, 5, 25, '25105110221', 'Ahmad Ginting', 'aktif'::status_mahasiswa, 2025),
  (3, 5, 26, '25105110222', 'Budi Saputra', 'aktif'::status_mahasiswa, 2025),
  (2, 5, 27, '25105110223', 'Rian Manurung', 'aktif'::status_mahasiswa, 2025),
  (1, 5, 28, '25105110224', 'Ferry Purba', 'aktif'::status_mahasiswa, 2025),
  (2, 5, 29, '25105110225', 'Bambang Yusuf', 'aktif'::status_mahasiswa, 2025),
  (3, 5, 30, '25105110226', 'Dewi Daulay', 'aktif'::status_mahasiswa, 2025),
  (3, 5, 31, '25105110227', 'Sri Harahap', 'aktif'::status_mahasiswa, 2025),
  (2, 5, 32, '25105110228', 'Joko Sari', 'aktif'::status_mahasiswa, 2025),
  (1, 5, 33, '25105110229', 'Rizky Lubis', 'aktif'::status_mahasiswa, 2025),
  (2, 5, 34, '25105110230', 'Hendra Pratama', 'aktif'::status_mahasiswa, 2025),
  (2, 5, 35, '25105110231', 'Maya Lestari', 'aktif'::status_mahasiswa, 2025),
  (3, 5, 36, '25105110232', 'Hendra Sitorus', 'aktif'::status_mahasiswa, 2025),
  (3, 5, 37, '25105110233', 'Rini Harahap', 'aktif'::status_mahasiswa, 2025),
  (2, 5, 38, '25105110234', 'Yeni Ginting', 'aktif'::status_mahasiswa, 2025),
  (3, 5, 39, '25105110235', 'Farhan Lestari', 'aktif'::status_mahasiswa, 2025),
  (1, 5, 40, '25105110236', 'Lusi Lubis', 'aktif'::status_mahasiswa, 2025),
  (1, 5, 41, '25105110237', 'Kartika Tanjung', 'aktif'::status_mahasiswa, 2025),
  (3, 5, 42, '25105110238', 'Diana Yusuf', 'aktif'::status_mahasiswa, 2025),
  (2, 5, 43, '25105110239', 'Dewi Tanjung', 'aktif'::status_mahasiswa, 2025),
  (1, 5, 44, '25105110240', 'Diana Mulyadi', 'aktif'::status_mahasiswa, 2025),
  (2, 5, 45, '25105110241', 'Rian Nasution', 'aktif'::status_mahasiswa, 2025),
  (1, 5, 46, '25105110242', 'Anisa Batubara', 'aktif'::status_mahasiswa, 2025),
  (1, 5, 47, '25105110243', 'Riza Santoso', 'aktif'::status_mahasiswa, 2025),
  (2, 5, 48, '25105110244', 'Muhammad Hidayat', 'aktif'::status_mahasiswa, 2025),
  (1, 5, 49, '25105110245', 'Dian Suharto', 'aktif'::status_mahasiswa, 2025),
  (1, 5, 50, '25105110246', 'Putra Sari', 'aktif'::status_mahasiswa, 2025),
  (3, 5, 51, '25105110247', 'Tari Lubis', 'aktif'::status_mahasiswa, 2025),
  (3, 5, 52, '25105110248', 'Fajar Manurung', 'aktif'::status_mahasiswa, 2025),
  (3, 5, 53, '25105110249', 'Gita Wulandari', 'aktif'::status_mahasiswa, 2025),
  (1, 5, 4, '25105110250', 'Indah Lubis', 'aktif'::status_mahasiswa, 2025),
  (1, 5, 5, '25105110251', 'Rizky Setiawan', 'aktif'::status_mahasiswa, 2025),
  (3, 5, 6, '25105110252', 'Rina Wibowo', 'aktif'::status_mahasiswa, 2025),
  (3, 5, 7, '25105110253', 'Joko Pane', 'aktif'::status_mahasiswa, 2025),
  (1, 5, 8, '25105110254', 'Maya Siregar', 'aktif'::status_mahasiswa, 2025),
  (3, 5, 9, '25105110255', 'Hendra Lubis', 'aktif'::status_mahasiswa, 2025),
  (1, 5, 10, '25105110256', 'Aulia Mulyadi', 'aktif'::status_mahasiswa, 2025),
  (1, 5, 11, '25105110257', 'Utami Hadi', 'aktif'::status_mahasiswa, 2025),
  (2, 5, 12, '25105110258', 'Farhan Santoso', 'aktif'::status_mahasiswa, 2025),
  (3, 5, 13, '25105110259', 'Joko Nasution', 'aktif'::status_mahasiswa, 2025),
  (3, 5, 14, '25105110260', 'Ani Lubis', 'aktif'::status_mahasiswa, 2025),
  (2, 5, 15, '25105110261', 'Nur Batubara', 'aktif'::status_mahasiswa, 2025),
  (3, 5, 16, '25105110262', 'Budi Wibowo', 'aktif'::status_mahasiswa, 2025),
  (2, 5, 17, '25105110263', 'Zaki Simanjuntak', 'aktif'::status_mahasiswa, 2025),
  (1, 5, 18, '25105110264', 'Rian Hidayat', 'aktif'::status_mahasiswa, 2025),
  (3, 5, 19, '25105110265', 'Muhammad Wulandari', 'aktif'::status_mahasiswa, 2025),
  (3, 5, 20, '25105110266', 'Budi Lubis', 'aktif'::status_mahasiswa, 2025),
  (2, 5, 21, '25105110267', 'Agus Pratama', 'aktif'::status_mahasiswa, 2025),
  (3, 5, 22, '25105110268', 'Rizky Pane', 'aktif'::status_mahasiswa, 2025),
  (1, 5, 23, '25105110269', 'Zaki Pane', 'aktif'::status_mahasiswa, 2025),
  (1, 5, 24, '25105110270', 'Budi Batubara', 'aktif'::status_mahasiswa, 2025),
  (2, 5, 25, '25105110271', 'Taufik Pane', 'aktif'::status_mahasiswa, 2025),
  (2, 5, 26, '25105110272', 'Hadi Lestari', 'aktif'::status_mahasiswa, 2025),
  (2, 5, 27, '25105110273', 'Ari Batubara', 'aktif'::status_mahasiswa, 2025),
  (2, 5, 28, '25105110274', 'Utami Kusuma', 'aktif'::status_mahasiswa, 2025),
  (1, 5, 29, '25105110275', 'Dian Manurung', 'aktif'::status_mahasiswa, 2025),
  (3, 5, 30, '25105110276', 'Rian Harahap', 'aktif'::status_mahasiswa, 2025),
  (2, 5, 31, '25105110277', 'Aulia Lubis', 'aktif'::status_mahasiswa, 2025),
  (2, 5, 32, '25105110278', 'Lestari Kurniawan', 'aktif'::status_mahasiswa, 2025),
  (1, 5, 33, '25105110279', 'Andi Simanjuntak', 'aktif'::status_mahasiswa, 2025),
  (3, 5, 34, '25105110280', 'Riza Wulandari', 'aktif'::status_mahasiswa, 2025),
  (3, 5, 35, '25105110281', 'Ferry Suharto', 'aktif'::status_mahasiswa, 2025),
  (2, 5, 36, '25105110282', 'Agung Suharto', 'aktif'::status_mahasiswa, 2025),
  (3, 5, 37, '25105110283', 'Hadi Siregar', 'aktif'::status_mahasiswa, 2025),
  (3, 5, 38, '25105110284', 'Dedi Hadi', 'aktif'::status_mahasiswa, 2025),
  (1, 5, 39, '25105110285', 'Rina Daulay', 'aktif'::status_mahasiswa, 2025),
  (1, 5, 40, '25105110286', 'Lestari Gunawan', 'aktif'::status_mahasiswa, 2025),
  (1, 5, 41, '25105110287', 'Citra Pane', 'aktif'::status_mahasiswa, 2025),
  (2, 5, 42, '25105110288', 'Farhan Kurniawan', 'aktif'::status_mahasiswa, 2025),
  (1, 5, 43, '25105110289', 'Zaki Nasution', 'aktif'::status_mahasiswa, 2025),
  (3, 5, 44, '25105110290', 'Lusi Ginting', 'aktif'::status_mahasiswa, 2025),
  (1, 5, 45, '25105110291', 'Agung Hadi', 'aktif'::status_mahasiswa, 2025),
  (1, 5, 46, '25105110292', 'Rian Batubara', 'aktif'::status_mahasiswa, 2025),
  (3, 5, 47, '25105110293', 'Ahmad Ginting', 'aktif'::status_mahasiswa, 2025),
  (1, 5, 48, '25105110294', 'Sri Daulay', 'aktif'::status_mahasiswa, 2025),
  (1, 5, 49, '25105110295', 'Agung Mulyadi', 'aktif'::status_mahasiswa, 2025),
  (3, 5, 50, '25105110296', 'Kartika Wulandari', 'aktif'::status_mahasiswa, 2025),
  (2, 5, 51, '25105110297', 'Sri Yusuf', 'aktif'::status_mahasiswa, 2025),
  (3, 5, 52, '25105110298', 'Nur Lestari', 'aktif'::status_mahasiswa, 2025),
  (2, 5, 53, '25105110299', 'Sri Pane', 'aktif'::status_mahasiswa, 2025),
  (2, 5, 4, '25105110300', 'Mega Lestari', 'aktif'::status_mahasiswa, 2025);

-- --- 10. TABLE: USERS (200 Rows) ---
INSERT INTO users (id_mahasiswa, id_dosen, email, password, role) VALUES
  (NULL, 11, 'dosen.large.11@upnvj.ac.id', 'dosen123', 'dosen'::enum_role),
  (NULL, 12, 'dosen.large.12@upnvj.ac.id', 'dosen123', 'dosen'::enum_role),
  (NULL, 13, 'dosen.large.13@upnvj.ac.id', 'dosen123', 'dosen'::enum_role),
  (NULL, 14, 'dosen.large.14@upnvj.ac.id', 'dosen123', 'dosen'::enum_role),
  (NULL, 15, 'dosen.large.15@upnvj.ac.id', 'dosen123', 'dosen'::enum_role),
  (NULL, 16, 'dosen.large.16@upnvj.ac.id', 'dosen123', 'dosen'::enum_role),
  (NULL, 17, 'dosen.large.17@upnvj.ac.id', 'dosen123', 'dosen'::enum_role),
  (NULL, 18, 'dosen.large.18@upnvj.ac.id', 'dosen123', 'dosen'::enum_role),
  (NULL, 19, 'dosen.large.19@upnvj.ac.id', 'dosen123', 'dosen'::enum_role),
  (NULL, 20, 'dosen.large.20@upnvj.ac.id', 'dosen123', 'dosen'::enum_role),
  (NULL, 21, 'dosen.large.21@upnvj.ac.id', 'dosen123', 'dosen'::enum_role),
  (NULL, 22, 'dosen.large.22@upnvj.ac.id', 'dosen123', 'dosen'::enum_role),
  (NULL, 23, 'dosen.large.23@upnvj.ac.id', 'dosen123', 'dosen'::enum_role),
  (NULL, 24, 'dosen.large.24@upnvj.ac.id', 'dosen123', 'dosen'::enum_role),
  (NULL, 25, 'dosen.large.25@upnvj.ac.id', 'dosen123', 'dosen'::enum_role),
  (NULL, 26, 'dosen.large.26@upnvj.ac.id', 'dosen123', 'dosen'::enum_role),
  (NULL, 27, 'dosen.large.27@upnvj.ac.id', 'dosen123', 'dosen'::enum_role),
  (NULL, 28, 'dosen.large.28@upnvj.ac.id', 'dosen123', 'dosen'::enum_role),
  (NULL, 29, 'dosen.large.29@upnvj.ac.id', 'dosen123', 'dosen'::enum_role),
  (NULL, 30, 'dosen.large.30@upnvj.ac.id', 'dosen123', 'dosen'::enum_role),
  (NULL, 31, 'dosen.large.31@upnvj.ac.id', 'dosen123', 'dosen'::enum_role),
  (NULL, 32, 'dosen.large.32@upnvj.ac.id', 'dosen123', 'dosen'::enum_role),
  (NULL, 33, 'dosen.large.33@upnvj.ac.id', 'dosen123', 'dosen'::enum_role),
  (NULL, 34, 'dosen.large.34@upnvj.ac.id', 'dosen123', 'dosen'::enum_role),
  (NULL, 35, 'dosen.large.35@upnvj.ac.id', 'dosen123', 'dosen'::enum_role),
  (NULL, 36, 'dosen.large.36@upnvj.ac.id', 'dosen123', 'dosen'::enum_role),
  (NULL, 37, 'dosen.large.37@upnvj.ac.id', 'dosen123', 'dosen'::enum_role),
  (NULL, 38, 'dosen.large.38@upnvj.ac.id', 'dosen123', 'dosen'::enum_role),
  (NULL, 39, 'dosen.large.39@upnvj.ac.id', 'dosen123', 'dosen'::enum_role),
  (NULL, 40, 'dosen.large.40@upnvj.ac.id', 'dosen123', 'dosen'::enum_role),
  (NULL, 41, 'dosen.large.41@upnvj.ac.id', 'dosen123', 'dosen'::enum_role),
  (NULL, 42, 'dosen.large.42@upnvj.ac.id', 'dosen123', 'dosen'::enum_role),
  (NULL, 43, 'dosen.large.43@upnvj.ac.id', 'dosen123', 'dosen'::enum_role),
  (NULL, 44, 'dosen.large.44@upnvj.ac.id', 'dosen123', 'dosen'::enum_role),
  (NULL, 45, 'dosen.large.45@upnvj.ac.id', 'dosen123', 'dosen'::enum_role),
  (NULL, 46, 'dosen.large.46@upnvj.ac.id', 'dosen123', 'dosen'::enum_role),
  (NULL, 47, 'dosen.large.47@upnvj.ac.id', 'dosen123', 'dosen'::enum_role),
  (NULL, 48, 'dosen.large.48@upnvj.ac.id', 'dosen123', 'dosen'::enum_role),
  (NULL, 49, 'dosen.large.49@upnvj.ac.id', 'dosen123', 'dosen'::enum_role),
  (NULL, 50, 'dosen.large.50@upnvj.ac.id', 'dosen123', 'dosen'::enum_role),
  (NULL, 51, 'dosen.large.51@upnvj.ac.id', 'dosen123', 'dosen'::enum_role),
  (NULL, 52, 'dosen.large.52@upnvj.ac.id', 'dosen123', 'dosen'::enum_role),
  (NULL, 53, 'dosen.large.53@upnvj.ac.id', 'dosen123', 'dosen'::enum_role),
  (NULL, 54, 'dosen.large.54@upnvj.ac.id', 'dosen123', 'dosen'::enum_role),
  (NULL, 55, 'dosen.large.55@upnvj.ac.id', 'dosen123', 'dosen'::enum_role),
  (NULL, 56, 'dosen.large.56@upnvj.ac.id', 'dosen123', 'dosen'::enum_role),
  (NULL, 57, 'dosen.large.57@upnvj.ac.id', 'dosen123', 'dosen'::enum_role),
  (NULL, 58, 'dosen.large.58@upnvj.ac.id', 'dosen123', 'dosen'::enum_role),
  (NULL, 59, 'dosen.large.59@upnvj.ac.id', 'dosen123', 'dosen'::enum_role),
  (NULL, 60, 'dosen.large.60@upnvj.ac.id', 'dosen123', 'dosen'::enum_role),
  (NULL, 61, 'dosen.large.61@upnvj.ac.id', 'dosen123', 'dosen'::enum_role),
  (NULL, 62, 'dosen.large.62@upnvj.ac.id', 'dosen123', 'dosen'::enum_role),
  (NULL, 63, 'dosen.large.63@upnvj.ac.id', 'dosen123', 'dosen'::enum_role),
  (NULL, 64, 'dosen.large.64@upnvj.ac.id', 'dosen123', 'dosen'::enum_role),
  (NULL, 65, 'dosen.large.65@upnvj.ac.id', 'dosen123', 'dosen'::enum_role),
  (NULL, 66, 'dosen.large.66@upnvj.ac.id', 'dosen123', 'dosen'::enum_role),
  (NULL, 67, 'dosen.large.67@upnvj.ac.id', 'dosen123', 'dosen'::enum_role),
  (NULL, 68, 'dosen.large.68@upnvj.ac.id', 'dosen123', 'dosen'::enum_role),
  (NULL, 69, 'dosen.large.69@upnvj.ac.id', 'dosen123', 'dosen'::enum_role),
  (NULL, 70, 'dosen.large.70@upnvj.ac.id', 'dosen123', 'dosen'::enum_role),
  (NULL, 71, 'dosen.large.71@upnvj.ac.id', 'dosen123', 'dosen'::enum_role),
  (NULL, 72, 'dosen.large.72@upnvj.ac.id', 'dosen123', 'dosen'::enum_role),
  (NULL, 73, 'dosen.large.73@upnvj.ac.id', 'dosen123', 'dosen'::enum_role),
  (NULL, 74, 'dosen.large.74@upnvj.ac.id', 'dosen123', 'dosen'::enum_role),
  (NULL, 75, 'dosen.large.75@upnvj.ac.id', 'dosen123', 'dosen'::enum_role),
  (NULL, 76, 'dosen.large.76@upnvj.ac.id', 'dosen123', 'dosen'::enum_role),
  (NULL, 77, 'dosen.large.77@upnvj.ac.id', 'dosen123', 'dosen'::enum_role),
  (NULL, 78, 'dosen.large.78@upnvj.ac.id', 'dosen123', 'dosen'::enum_role),
  (NULL, 79, 'dosen.large.79@upnvj.ac.id', 'dosen123', 'dosen'::enum_role),
  (NULL, 80, 'dosen.large.80@upnvj.ac.id', 'dosen123', 'dosen'::enum_role),
  (NULL, 81, 'dosen.large.81@upnvj.ac.id', 'dosen123', 'dosen'::enum_role),
  (NULL, 82, 'dosen.large.82@upnvj.ac.id', 'dosen123', 'dosen'::enum_role),
  (NULL, 83, 'dosen.large.83@upnvj.ac.id', 'dosen123', 'dosen'::enum_role),
  (NULL, 84, 'dosen.large.84@upnvj.ac.id', 'dosen123', 'dosen'::enum_role),
  (NULL, 85, 'dosen.large.85@upnvj.ac.id', 'dosen123', 'dosen'::enum_role),
  (NULL, 86, 'dosen.large.86@upnvj.ac.id', 'dosen123', 'dosen'::enum_role),
  (NULL, 87, 'dosen.large.87@upnvj.ac.id', 'dosen123', 'dosen'::enum_role),
  (NULL, 88, 'dosen.large.88@upnvj.ac.id', 'dosen123', 'dosen'::enum_role),
  (NULL, 89, 'dosen.large.89@upnvj.ac.id', 'dosen123', 'dosen'::enum_role),
  (NULL, 90, 'dosen.large.90@upnvj.ac.id', 'dosen123', 'dosen'::enum_role),
  (NULL, 91, 'dosen.large.91@upnvj.ac.id', 'dosen123', 'dosen'::enum_role),
  (NULL, 92, 'dosen.large.92@upnvj.ac.id', 'dosen123', 'dosen'::enum_role),
  (NULL, 93, 'dosen.large.93@upnvj.ac.id', 'dosen123', 'dosen'::enum_role),
  (NULL, 94, 'dosen.large.94@upnvj.ac.id', 'dosen123', 'dosen'::enum_role),
  (NULL, 95, 'dosen.large.95@upnvj.ac.id', 'dosen123', 'dosen'::enum_role),
  (NULL, 96, 'dosen.large.96@upnvj.ac.id', 'dosen123', 'dosen'::enum_role),
  (NULL, 97, 'dosen.large.97@upnvj.ac.id', 'dosen123', 'dosen'::enum_role),
  (NULL, 98, 'dosen.large.98@upnvj.ac.id', 'dosen123', 'dosen'::enum_role),
  (NULL, 99, 'dosen.large.99@upnvj.ac.id', 'dosen123', 'dosen'::enum_role),
  (NULL, 100, 'dosen.large.100@upnvj.ac.id', 'dosen123', 'dosen'::enum_role),
  (NULL, 101, 'dosen.large.101@upnvj.ac.id', 'dosen123', 'dosen'::enum_role),
  (NULL, 102, 'dosen.large.102@upnvj.ac.id', 'dosen123', 'dosen'::enum_role),
  (NULL, 103, 'dosen.large.103@upnvj.ac.id', 'dosen123', 'dosen'::enum_role),
  (NULL, 104, 'dosen.large.104@upnvj.ac.id', 'dosen123', 'dosen'::enum_role),
  (NULL, 105, 'dosen.large.105@upnvj.ac.id', 'dosen123', 'dosen'::enum_role),
  (NULL, 106, 'dosen.large.106@upnvj.ac.id', 'dosen123', 'dosen'::enum_role),
  (NULL, 107, 'dosen.large.107@upnvj.ac.id', 'dosen123', 'dosen'::enum_role),
  (NULL, 108, 'dosen.large.108@upnvj.ac.id', 'dosen123', 'dosen'::enum_role),
  (NULL, 109, 'dosen.large.109@upnvj.ac.id', 'dosen123', 'dosen'::enum_role),
  (NULL, 110, 'dosen.large.110@upnvj.ac.id', 'dosen123', 'dosen'::enum_role),
  (13, NULL, 'mhs.large.25105110201@mahasiswa.upnvj.ac.id', 'mhs123', 'mahasiswa'::enum_role),
  (14, NULL, 'mhs.large.25105110202@mahasiswa.upnvj.ac.id', 'mhs123', 'mahasiswa'::enum_role),
  (15, NULL, 'mhs.large.25105110203@mahasiswa.upnvj.ac.id', 'mhs123', 'mahasiswa'::enum_role),
  (16, NULL, 'mhs.large.25105110204@mahasiswa.upnvj.ac.id', 'mhs123', 'mahasiswa'::enum_role),
  (17, NULL, 'mhs.large.25105110205@mahasiswa.upnvj.ac.id', 'mhs123', 'mahasiswa'::enum_role),
  (18, NULL, 'mhs.large.25105110206@mahasiswa.upnvj.ac.id', 'mhs123', 'mahasiswa'::enum_role),
  (19, NULL, 'mhs.large.25105110207@mahasiswa.upnvj.ac.id', 'mhs123', 'mahasiswa'::enum_role),
  (20, NULL, 'mhs.large.25105110208@mahasiswa.upnvj.ac.id', 'mhs123', 'mahasiswa'::enum_role),
  (21, NULL, 'mhs.large.25105110209@mahasiswa.upnvj.ac.id', 'mhs123', 'mahasiswa'::enum_role),
  (22, NULL, 'mhs.large.25105110210@mahasiswa.upnvj.ac.id', 'mhs123', 'mahasiswa'::enum_role),
  (23, NULL, 'mhs.large.25105110211@mahasiswa.upnvj.ac.id', 'mhs123', 'mahasiswa'::enum_role),
  (24, NULL, 'mhs.large.25105110212@mahasiswa.upnvj.ac.id', 'mhs123', 'mahasiswa'::enum_role),
  (25, NULL, 'mhs.large.25105110213@mahasiswa.upnvj.ac.id', 'mhs123', 'mahasiswa'::enum_role),
  (26, NULL, 'mhs.large.25105110214@mahasiswa.upnvj.ac.id', 'mhs123', 'mahasiswa'::enum_role),
  (27, NULL, 'mhs.large.25105110215@mahasiswa.upnvj.ac.id', 'mhs123', 'mahasiswa'::enum_role),
  (28, NULL, 'mhs.large.25105110216@mahasiswa.upnvj.ac.id', 'mhs123', 'mahasiswa'::enum_role),
  (29, NULL, 'mhs.large.25105110217@mahasiswa.upnvj.ac.id', 'mhs123', 'mahasiswa'::enum_role),
  (30, NULL, 'mhs.large.25105110218@mahasiswa.upnvj.ac.id', 'mhs123', 'mahasiswa'::enum_role),
  (31, NULL, 'mhs.large.25105110219@mahasiswa.upnvj.ac.id', 'mhs123', 'mahasiswa'::enum_role),
  (32, NULL, 'mhs.large.25105110220@mahasiswa.upnvj.ac.id', 'mhs123', 'mahasiswa'::enum_role),
  (33, NULL, 'mhs.large.25105110221@mahasiswa.upnvj.ac.id', 'mhs123', 'mahasiswa'::enum_role),
  (34, NULL, 'mhs.large.25105110222@mahasiswa.upnvj.ac.id', 'mhs123', 'mahasiswa'::enum_role),
  (35, NULL, 'mhs.large.25105110223@mahasiswa.upnvj.ac.id', 'mhs123', 'mahasiswa'::enum_role),
  (36, NULL, 'mhs.large.25105110224@mahasiswa.upnvj.ac.id', 'mhs123', 'mahasiswa'::enum_role),
  (37, NULL, 'mhs.large.25105110225@mahasiswa.upnvj.ac.id', 'mhs123', 'mahasiswa'::enum_role),
  (38, NULL, 'mhs.large.25105110226@mahasiswa.upnvj.ac.id', 'mhs123', 'mahasiswa'::enum_role),
  (39, NULL, 'mhs.large.25105110227@mahasiswa.upnvj.ac.id', 'mhs123', 'mahasiswa'::enum_role),
  (40, NULL, 'mhs.large.25105110228@mahasiswa.upnvj.ac.id', 'mhs123', 'mahasiswa'::enum_role),
  (41, NULL, 'mhs.large.25105110229@mahasiswa.upnvj.ac.id', 'mhs123', 'mahasiswa'::enum_role),
  (42, NULL, 'mhs.large.25105110230@mahasiswa.upnvj.ac.id', 'mhs123', 'mahasiswa'::enum_role),
  (43, NULL, 'mhs.large.25105110231@mahasiswa.upnvj.ac.id', 'mhs123', 'mahasiswa'::enum_role),
  (44, NULL, 'mhs.large.25105110232@mahasiswa.upnvj.ac.id', 'mhs123', 'mahasiswa'::enum_role),
  (45, NULL, 'mhs.large.25105110233@mahasiswa.upnvj.ac.id', 'mhs123', 'mahasiswa'::enum_role),
  (46, NULL, 'mhs.large.25105110234@mahasiswa.upnvj.ac.id', 'mhs123', 'mahasiswa'::enum_role),
  (47, NULL, 'mhs.large.25105110235@mahasiswa.upnvj.ac.id', 'mhs123', 'mahasiswa'::enum_role),
  (48, NULL, 'mhs.large.25105110236@mahasiswa.upnvj.ac.id', 'mhs123', 'mahasiswa'::enum_role),
  (49, NULL, 'mhs.large.25105110237@mahasiswa.upnvj.ac.id', 'mhs123', 'mahasiswa'::enum_role),
  (50, NULL, 'mhs.large.25105110238@mahasiswa.upnvj.ac.id', 'mhs123', 'mahasiswa'::enum_role),
  (51, NULL, 'mhs.large.25105110239@mahasiswa.upnvj.ac.id', 'mhs123', 'mahasiswa'::enum_role),
  (52, NULL, 'mhs.large.25105110240@mahasiswa.upnvj.ac.id', 'mhs123', 'mahasiswa'::enum_role),
  (53, NULL, 'mhs.large.25105110241@mahasiswa.upnvj.ac.id', 'mhs123', 'mahasiswa'::enum_role),
  (54, NULL, 'mhs.large.25105110242@mahasiswa.upnvj.ac.id', 'mhs123', 'mahasiswa'::enum_role),
  (55, NULL, 'mhs.large.25105110243@mahasiswa.upnvj.ac.id', 'mhs123', 'mahasiswa'::enum_role),
  (56, NULL, 'mhs.large.25105110244@mahasiswa.upnvj.ac.id', 'mhs123', 'mahasiswa'::enum_role),
  (57, NULL, 'mhs.large.25105110245@mahasiswa.upnvj.ac.id', 'mhs123', 'mahasiswa'::enum_role),
  (58, NULL, 'mhs.large.25105110246@mahasiswa.upnvj.ac.id', 'mhs123', 'mahasiswa'::enum_role),
  (59, NULL, 'mhs.large.25105110247@mahasiswa.upnvj.ac.id', 'mhs123', 'mahasiswa'::enum_role),
  (60, NULL, 'mhs.large.25105110248@mahasiswa.upnvj.ac.id', 'mhs123', 'mahasiswa'::enum_role),
  (61, NULL, 'mhs.large.25105110249@mahasiswa.upnvj.ac.id', 'mhs123', 'mahasiswa'::enum_role),
  (62, NULL, 'mhs.large.25105110250@mahasiswa.upnvj.ac.id', 'mhs123', 'mahasiswa'::enum_role),
  (63, NULL, 'mhs.large.25105110251@mahasiswa.upnvj.ac.id', 'mhs123', 'mahasiswa'::enum_role),
  (64, NULL, 'mhs.large.25105110252@mahasiswa.upnvj.ac.id', 'mhs123', 'mahasiswa'::enum_role),
  (65, NULL, 'mhs.large.25105110253@mahasiswa.upnvj.ac.id', 'mhs123', 'mahasiswa'::enum_role),
  (66, NULL, 'mhs.large.25105110254@mahasiswa.upnvj.ac.id', 'mhs123', 'mahasiswa'::enum_role),
  (67, NULL, 'mhs.large.25105110255@mahasiswa.upnvj.ac.id', 'mhs123', 'mahasiswa'::enum_role),
  (68, NULL, 'mhs.large.25105110256@mahasiswa.upnvj.ac.id', 'mhs123', 'mahasiswa'::enum_role),
  (69, NULL, 'mhs.large.25105110257@mahasiswa.upnvj.ac.id', 'mhs123', 'mahasiswa'::enum_role),
  (70, NULL, 'mhs.large.25105110258@mahasiswa.upnvj.ac.id', 'mhs123', 'mahasiswa'::enum_role),
  (71, NULL, 'mhs.large.25105110259@mahasiswa.upnvj.ac.id', 'mhs123', 'mahasiswa'::enum_role),
  (72, NULL, 'mhs.large.25105110260@mahasiswa.upnvj.ac.id', 'mhs123', 'mahasiswa'::enum_role),
  (73, NULL, 'mhs.large.25105110261@mahasiswa.upnvj.ac.id', 'mhs123', 'mahasiswa'::enum_role),
  (74, NULL, 'mhs.large.25105110262@mahasiswa.upnvj.ac.id', 'mhs123', 'mahasiswa'::enum_role),
  (75, NULL, 'mhs.large.25105110263@mahasiswa.upnvj.ac.id', 'mhs123', 'mahasiswa'::enum_role),
  (76, NULL, 'mhs.large.25105110264@mahasiswa.upnvj.ac.id', 'mhs123', 'mahasiswa'::enum_role),
  (77, NULL, 'mhs.large.25105110265@mahasiswa.upnvj.ac.id', 'mhs123', 'mahasiswa'::enum_role),
  (78, NULL, 'mhs.large.25105110266@mahasiswa.upnvj.ac.id', 'mhs123', 'mahasiswa'::enum_role),
  (79, NULL, 'mhs.large.25105110267@mahasiswa.upnvj.ac.id', 'mhs123', 'mahasiswa'::enum_role),
  (80, NULL, 'mhs.large.25105110268@mahasiswa.upnvj.ac.id', 'mhs123', 'mahasiswa'::enum_role),
  (81, NULL, 'mhs.large.25105110269@mahasiswa.upnvj.ac.id', 'mhs123', 'mahasiswa'::enum_role),
  (82, NULL, 'mhs.large.25105110270@mahasiswa.upnvj.ac.id', 'mhs123', 'mahasiswa'::enum_role),
  (83, NULL, 'mhs.large.25105110271@mahasiswa.upnvj.ac.id', 'mhs123', 'mahasiswa'::enum_role),
  (84, NULL, 'mhs.large.25105110272@mahasiswa.upnvj.ac.id', 'mhs123', 'mahasiswa'::enum_role),
  (85, NULL, 'mhs.large.25105110273@mahasiswa.upnvj.ac.id', 'mhs123', 'mahasiswa'::enum_role),
  (86, NULL, 'mhs.large.25105110274@mahasiswa.upnvj.ac.id', 'mhs123', 'mahasiswa'::enum_role),
  (87, NULL, 'mhs.large.25105110275@mahasiswa.upnvj.ac.id', 'mhs123', 'mahasiswa'::enum_role),
  (88, NULL, 'mhs.large.25105110276@mahasiswa.upnvj.ac.id', 'mhs123', 'mahasiswa'::enum_role),
  (89, NULL, 'mhs.large.25105110277@mahasiswa.upnvj.ac.id', 'mhs123', 'mahasiswa'::enum_role),
  (90, NULL, 'mhs.large.25105110278@mahasiswa.upnvj.ac.id', 'mhs123', 'mahasiswa'::enum_role),
  (91, NULL, 'mhs.large.25105110279@mahasiswa.upnvj.ac.id', 'mhs123', 'mahasiswa'::enum_role),
  (92, NULL, 'mhs.large.25105110280@mahasiswa.upnvj.ac.id', 'mhs123', 'mahasiswa'::enum_role),
  (93, NULL, 'mhs.large.25105110281@mahasiswa.upnvj.ac.id', 'mhs123', 'mahasiswa'::enum_role),
  (94, NULL, 'mhs.large.25105110282@mahasiswa.upnvj.ac.id', 'mhs123', 'mahasiswa'::enum_role),
  (95, NULL, 'mhs.large.25105110283@mahasiswa.upnvj.ac.id', 'mhs123', 'mahasiswa'::enum_role),
  (96, NULL, 'mhs.large.25105110284@mahasiswa.upnvj.ac.id', 'mhs123', 'mahasiswa'::enum_role),
  (97, NULL, 'mhs.large.25105110285@mahasiswa.upnvj.ac.id', 'mhs123', 'mahasiswa'::enum_role),
  (98, NULL, 'mhs.large.25105110286@mahasiswa.upnvj.ac.id', 'mhs123', 'mahasiswa'::enum_role),
  (99, NULL, 'mhs.large.25105110287@mahasiswa.upnvj.ac.id', 'mhs123', 'mahasiswa'::enum_role),
  (100, NULL, 'mhs.large.25105110288@mahasiswa.upnvj.ac.id', 'mhs123', 'mahasiswa'::enum_role),
  (101, NULL, 'mhs.large.25105110289@mahasiswa.upnvj.ac.id', 'mhs123', 'mahasiswa'::enum_role),
  (102, NULL, 'mhs.large.25105110290@mahasiswa.upnvj.ac.id', 'mhs123', 'mahasiswa'::enum_role),
  (103, NULL, 'mhs.large.25105110291@mahasiswa.upnvj.ac.id', 'mhs123', 'mahasiswa'::enum_role),
  (104, NULL, 'mhs.large.25105110292@mahasiswa.upnvj.ac.id', 'mhs123', 'mahasiswa'::enum_role),
  (105, NULL, 'mhs.large.25105110293@mahasiswa.upnvj.ac.id', 'mhs123', 'mahasiswa'::enum_role),
  (106, NULL, 'mhs.large.25105110294@mahasiswa.upnvj.ac.id', 'mhs123', 'mahasiswa'::enum_role),
  (107, NULL, 'mhs.large.25105110295@mahasiswa.upnvj.ac.id', 'mhs123', 'mahasiswa'::enum_role),
  (108, NULL, 'mhs.large.25105110296@mahasiswa.upnvj.ac.id', 'mhs123', 'mahasiswa'::enum_role),
  (109, NULL, 'mhs.large.25105110297@mahasiswa.upnvj.ac.id', 'mhs123', 'mahasiswa'::enum_role),
  (110, NULL, 'mhs.large.25105110298@mahasiswa.upnvj.ac.id', 'mhs123', 'mahasiswa'::enum_role),
  (111, NULL, 'mhs.large.25105110299@mahasiswa.upnvj.ac.id', 'mhs123', 'mahasiswa'::enum_role),
  (112, NULL, 'mhs.large.25105110300@mahasiswa.upnvj.ac.id', 'mhs123', 'mahasiswa'::enum_role);

-- --- 11. TABLE: KELAS (100 Rows) ---
INSERT INTO kelas (id_ruangan, id_program_studi, id_rombel, id_mata_kuliah, id_dosen, id_tahun_ajaran, kode_kelas, kuota, semester_aktif, jam_mulai, jam_selesai, hari) VALUES
  (10, 2, 6, 12, 11, 2, 'KLS-LG-101', 30, 'ganjil'::semester_aktif, '08:00:00', '10:30:00', 'Jumat'),
  (11, 3, 7, 13, 12, 2, 'KLS-LG-102', 30, 'ganjil'::semester_aktif, '13:30:00', '16:00:00', 'Rabu'),
  (12, 2, 8, 14, 13, 2, 'KLS-LG-103', 30, 'ganjil'::semester_aktif, '10:40:00', '13:10:00', 'Rabu'),
  (13, 1, 9, 15, 14, 2, 'KLS-LG-104', 30, 'ganjil'::semester_aktif, '16:10:00', '18:40:00', 'Senin'),
  (14, 1, 10, 16, 15, 2, 'KLS-LG-105', 30, 'ganjil'::semester_aktif, '10:40:00', '13:10:00', 'Selasa'),
  (15, 3, 11, 17, 16, 2, 'KLS-LG-106', 30, 'ganjil'::semester_aktif, '16:10:00', '18:40:00', 'Senin'),
  (16, 1, 12, 18, 17, 2, 'KLS-LG-107', 30, 'ganjil'::semester_aktif, '10:40:00', '13:10:00', 'Rabu'),
  (17, 1, 13, 19, 18, 2, 'KLS-LG-108', 30, 'ganjil'::semester_aktif, '10:40:00', '13:10:00', 'Senin'),
  (18, 2, 14, 20, 19, 2, 'KLS-LG-109', 30, 'ganjil'::semester_aktif, '16:10:00', '18:40:00', 'Senin'),
  (19, 3, 15, 21, 20, 2, 'KLS-LG-110', 30, 'ganjil'::semester_aktif, '08:00:00', '10:30:00', 'Kamis'),
  (20, 2, 16, 22, 21, 2, 'KLS-LG-111', 30, 'ganjil'::semester_aktif, '13:30:00', '16:00:00', 'Selasa'),
  (21, 2, 17, 23, 22, 2, 'KLS-LG-112', 30, 'ganjil'::semester_aktif, '16:10:00', '18:40:00', 'Senin'),
  (22, 1, 18, 24, 23, 2, 'KLS-LG-113', 30, 'ganjil'::semester_aktif, '16:10:00', '18:40:00', 'Kamis'),
  (23, 2, 19, 25, 24, 2, 'KLS-LG-114', 30, 'ganjil'::semester_aktif, '10:40:00', '13:10:00', 'Rabu'),
  (24, 3, 20, 26, 25, 2, 'KLS-LG-115', 30, 'ganjil'::semester_aktif, '08:00:00', '10:30:00', 'Rabu'),
  (25, 1, 21, 27, 26, 2, 'KLS-LG-116', 30, 'ganjil'::semester_aktif, '16:10:00', '18:40:00', 'Selasa'),
  (26, 1, 22, 28, 27, 2, 'KLS-LG-117', 30, 'ganjil'::semester_aktif, '08:00:00', '10:30:00', 'Senin'),
  (27, 2, 23, 29, 28, 2, 'KLS-LG-118', 30, 'ganjil'::semester_aktif, '16:10:00', '18:40:00', 'Senin'),
  (28, 2, 24, 30, 29, 2, 'KLS-LG-119', 30, 'ganjil'::semester_aktif, '08:00:00', '10:30:00', 'Rabu'),
  (29, 2, 25, 31, 30, 2, 'KLS-LG-120', 30, 'ganjil'::semester_aktif, '16:10:00', '18:40:00', 'Rabu'),
  (30, 3, 26, 32, 31, 2, 'KLS-LG-121', 30, 'ganjil'::semester_aktif, '16:10:00', '18:40:00', 'Kamis'),
  (31, 2, 27, 33, 32, 2, 'KLS-LG-122', 30, 'ganjil'::semester_aktif, '08:00:00', '10:30:00', 'Senin'),
  (32, 3, 28, 34, 33, 2, 'KLS-LG-123', 30, 'ganjil'::semester_aktif, '16:10:00', '18:40:00', 'Senin'),
  (33, 2, 29, 35, 34, 2, 'KLS-LG-124', 30, 'ganjil'::semester_aktif, '13:30:00', '16:00:00', 'Senin'),
  (34, 1, 30, 36, 35, 2, 'KLS-LG-125', 30, 'ganjil'::semester_aktif, '16:10:00', '18:40:00', 'Rabu'),
  (35, 2, 31, 37, 36, 2, 'KLS-LG-126', 30, 'ganjil'::semester_aktif, '13:30:00', '16:00:00', 'Selasa'),
  (36, 1, 32, 38, 37, 2, 'KLS-LG-127', 30, 'ganjil'::semester_aktif, '13:30:00', '16:00:00', 'Kamis'),
  (37, 2, 33, 39, 38, 2, 'KLS-LG-128', 30, 'ganjil'::semester_aktif, '13:30:00', '16:00:00', 'Rabu'),
  (38, 1, 34, 40, 39, 2, 'KLS-LG-129', 30, 'ganjil'::semester_aktif, '08:00:00', '10:30:00', 'Jumat'),
  (39, 2, 35, 41, 40, 2, 'KLS-LG-130', 30, 'ganjil'::semester_aktif, '16:10:00', '18:40:00', 'Rabu'),
  (40, 1, 36, 42, 41, 2, 'KLS-LG-131', 30, 'ganjil'::semester_aktif, '10:40:00', '13:10:00', 'Kamis'),
  (41, 3, 37, 43, 42, 2, 'KLS-LG-132', 30, 'ganjil'::semester_aktif, '10:40:00', '13:10:00', 'Selasa'),
  (42, 2, 38, 44, 43, 2, 'KLS-LG-133', 30, 'ganjil'::semester_aktif, '13:30:00', '16:00:00', 'Rabu'),
  (43, 1, 39, 45, 44, 2, 'KLS-LG-134', 30, 'ganjil'::semester_aktif, '10:40:00', '13:10:00', 'Jumat'),
  (44, 1, 40, 46, 45, 2, 'KLS-LG-135', 30, 'ganjil'::semester_aktif, '10:40:00', '13:10:00', 'Selasa'),
  (45, 1, 41, 47, 46, 2, 'KLS-LG-136', 30, 'ganjil'::semester_aktif, '08:00:00', '10:30:00', 'Kamis'),
  (46, 3, 42, 48, 47, 2, 'KLS-LG-137', 30, 'ganjil'::semester_aktif, '13:30:00', '16:00:00', 'Senin'),
  (47, 2, 43, 49, 48, 2, 'KLS-LG-138', 30, 'ganjil'::semester_aktif, '08:00:00', '10:30:00', 'Rabu'),
  (48, 3, 44, 50, 49, 2, 'KLS-LG-139', 30, 'ganjil'::semester_aktif, '08:00:00', '10:30:00', 'Kamis'),
  (49, 2, 45, 51, 50, 2, 'KLS-LG-140', 30, 'ganjil'::semester_aktif, '10:40:00', '13:10:00', 'Kamis'),
  (50, 3, 46, 52, 51, 2, 'KLS-LG-141', 30, 'ganjil'::semester_aktif, '10:40:00', '13:10:00', 'Selasa'),
  (9, 1, 47, 53, 52, 2, 'KLS-LG-142', 30, 'ganjil'::semester_aktif, '08:00:00', '10:30:00', 'Rabu'),
  (10, 1, 48, 54, 53, 2, 'KLS-LG-143', 30, 'ganjil'::semester_aktif, '16:10:00', '18:40:00', 'Rabu'),
  (11, 3, 49, 55, 54, 2, 'KLS-LG-144', 30, 'ganjil'::semester_aktif, '13:30:00', '16:00:00', 'Kamis'),
  (12, 2, 50, 56, 55, 2, 'KLS-LG-145', 30, 'ganjil'::semester_aktif, '08:00:00', '10:30:00', 'Rabu'),
  (13, 1, 51, 57, 56, 2, 'KLS-LG-146', 30, 'ganjil'::semester_aktif, '10:40:00', '13:10:00', 'Jumat'),
  (14, 2, 52, 58, 57, 2, 'KLS-LG-147', 30, 'ganjil'::semester_aktif, '08:00:00', '10:30:00', 'Selasa'),
  (15, 3, 53, 59, 58, 2, 'KLS-LG-148', 30, 'ganjil'::semester_aktif, '16:10:00', '18:40:00', 'Jumat'),
  (16, 2, 54, 60, 59, 2, 'KLS-LG-149', 30, 'ganjil'::semester_aktif, '13:30:00', '16:00:00', 'Kamis'),
  (17, 3, 55, 61, 60, 2, 'KLS-LG-150', 30, 'ganjil'::semester_aktif, '13:30:00', '16:00:00', 'Senin'),
  (18, 2, 56, 62, 61, 2, 'KLS-LG-151', 30, 'ganjil'::semester_aktif, '08:00:00', '10:30:00', 'Rabu'),
  (19, 3, 57, 63, 62, 2, 'KLS-LG-152', 30, 'ganjil'::semester_aktif, '13:30:00', '16:00:00', 'Selasa'),
  (20, 1, 58, 64, 63, 2, 'KLS-LG-153', 30, 'ganjil'::semester_aktif, '13:30:00', '16:00:00', 'Rabu'),
  (21, 3, 59, 65, 64, 2, 'KLS-LG-154', 30, 'ganjil'::semester_aktif, '10:40:00', '13:10:00', 'Jumat'),
  (22, 3, 60, 66, 65, 2, 'KLS-LG-155', 30, 'ganjil'::semester_aktif, '16:10:00', '18:40:00', 'Rabu'),
  (23, 3, 61, 67, 66, 2, 'KLS-LG-156', 30, 'ganjil'::semester_aktif, '13:30:00', '16:00:00', 'Jumat'),
  (24, 1, 62, 68, 67, 2, 'KLS-LG-157', 30, 'ganjil'::semester_aktif, '16:10:00', '18:40:00', 'Senin'),
  (25, 2, 63, 69, 68, 2, 'KLS-LG-158', 30, 'ganjil'::semester_aktif, '10:40:00', '13:10:00', 'Jumat'),
  (26, 2, 64, 70, 69, 2, 'KLS-LG-159', 30, 'ganjil'::semester_aktif, '13:30:00', '16:00:00', 'Kamis'),
  (27, 2, 65, 71, 70, 2, 'KLS-LG-160', 30, 'ganjil'::semester_aktif, '13:30:00', '16:00:00', 'Jumat'),
  (28, 2, 66, 72, 71, 2, 'KLS-LG-161', 30, 'ganjil'::semester_aktif, '08:00:00', '10:30:00', 'Kamis'),
  (29, 1, 67, 73, 72, 2, 'KLS-LG-162', 30, 'ganjil'::semester_aktif, '10:40:00', '13:10:00', 'Kamis'),
  (30, 3, 68, 74, 73, 2, 'KLS-LG-163', 30, 'ganjil'::semester_aktif, '16:10:00', '18:40:00', 'Jumat'),
  (31, 2, 69, 75, 74, 2, 'KLS-LG-164', 30, 'ganjil'::semester_aktif, '16:10:00', '18:40:00', 'Rabu'),
  (32, 2, 70, 76, 75, 2, 'KLS-LG-165', 30, 'ganjil'::semester_aktif, '10:40:00', '13:10:00', 'Senin'),
  (33, 3, 71, 77, 76, 2, 'KLS-LG-166', 30, 'ganjil'::semester_aktif, '13:30:00', '16:00:00', 'Kamis'),
  (34, 2, 72, 78, 77, 2, 'KLS-LG-167', 30, 'ganjil'::semester_aktif, '08:00:00', '10:30:00', 'Jumat'),
  (35, 1, 73, 79, 78, 2, 'KLS-LG-168', 30, 'ganjil'::semester_aktif, '10:40:00', '13:10:00', 'Senin'),
  (36, 2, 74, 80, 79, 2, 'KLS-LG-169', 30, 'ganjil'::semester_aktif, '13:30:00', '16:00:00', 'Jumat'),
  (37, 3, 75, 81, 80, 2, 'KLS-LG-170', 30, 'ganjil'::semester_aktif, '08:00:00', '10:30:00', 'Jumat'),
  (38, 2, 76, 82, 81, 2, 'KLS-LG-171', 30, 'ganjil'::semester_aktif, '10:40:00', '13:10:00', 'Jumat'),
  (39, 1, 77, 83, 82, 2, 'KLS-LG-172', 30, 'ganjil'::semester_aktif, '13:30:00', '16:00:00', 'Senin'),
  (40, 1, 78, 84, 83, 2, 'KLS-LG-173', 30, 'ganjil'::semester_aktif, '08:00:00', '10:30:00', 'Rabu'),
  (41, 1, 79, 85, 84, 2, 'KLS-LG-174', 30, 'ganjil'::semester_aktif, '13:30:00', '16:00:00', 'Kamis'),
  (42, 1, 80, 86, 85, 2, 'KLS-LG-175', 30, 'ganjil'::semester_aktif, '16:10:00', '18:40:00', 'Senin'),
  (43, 2, 81, 87, 86, 2, 'KLS-LG-176', 30, 'ganjil'::semester_aktif, '10:40:00', '13:10:00', 'Selasa'),
  (44, 3, 82, 88, 87, 2, 'KLS-LG-177', 30, 'ganjil'::semester_aktif, '08:00:00', '10:30:00', 'Senin'),
  (45, 1, 83, 89, 88, 2, 'KLS-LG-178', 30, 'ganjil'::semester_aktif, '16:10:00', '18:40:00', 'Rabu'),
  (46, 2, 84, 90, 89, 2, 'KLS-LG-179', 30, 'ganjil'::semester_aktif, '10:40:00', '13:10:00', 'Kamis'),
  (47, 3, 85, 91, 90, 2, 'KLS-LG-180', 30, 'ganjil'::semester_aktif, '13:30:00', '16:00:00', 'Rabu'),
  (48, 1, 86, 92, 91, 2, 'KLS-LG-181', 30, 'ganjil'::semester_aktif, '16:10:00', '18:40:00', 'Senin'),
  (49, 1, 87, 93, 92, 2, 'KLS-LG-182', 30, 'ganjil'::semester_aktif, '08:00:00', '10:30:00', 'Kamis'),
  (50, 1, 88, 94, 93, 2, 'KLS-LG-183', 30, 'ganjil'::semester_aktif, '08:00:00', '10:30:00', 'Rabu'),
  (9, 3, 89, 95, 94, 2, 'KLS-LG-184', 30, 'ganjil'::semester_aktif, '13:30:00', '16:00:00', 'Senin'),
  (10, 1, 90, 96, 95, 2, 'KLS-LG-185', 30, 'ganjil'::semester_aktif, '16:10:00', '18:40:00', 'Jumat'),
  (11, 2, 91, 97, 96, 2, 'KLS-LG-186', 30, 'ganjil'::semester_aktif, '08:00:00', '10:30:00', 'Selasa'),
  (12, 2, 92, 98, 97, 2, 'KLS-LG-187', 30, 'ganjil'::semester_aktif, '10:40:00', '13:10:00', 'Senin'),
  (13, 2, 93, 99, 98, 2, 'KLS-LG-188', 30, 'ganjil'::semester_aktif, '08:00:00', '10:30:00', 'Senin'),
  (14, 1, 94, 100, 99, 2, 'KLS-LG-189', 30, 'ganjil'::semester_aktif, '08:00:00', '10:30:00', 'Selasa'),
  (15, 3, 95, 101, 100, 2, 'KLS-LG-190', 30, 'ganjil'::semester_aktif, '08:00:00', '10:30:00', 'Selasa'),
  (16, 3, 96, 102, 101, 2, 'KLS-LG-191', 30, 'ganjil'::semester_aktif, '08:00:00', '10:30:00', 'Jumat'),
  (17, 3, 97, 103, 102, 2, 'KLS-LG-192', 30, 'ganjil'::semester_aktif, '08:00:00', '10:30:00', 'Jumat'),
  (18, 2, 98, 104, 103, 2, 'KLS-LG-193', 30, 'ganjil'::semester_aktif, '08:00:00', '10:30:00', 'Selasa'),
  (19, 1, 99, 105, 104, 2, 'KLS-LG-194', 30, 'ganjil'::semester_aktif, '16:10:00', '18:40:00', 'Selasa'),
  (20, 1, 100, 106, 105, 2, 'KLS-LG-195', 30, 'ganjil'::semester_aktif, '16:10:00', '18:40:00', 'Senin'),
  (21, 3, 101, 107, 106, 2, 'KLS-LG-196', 30, 'ganjil'::semester_aktif, '10:40:00', '13:10:00', 'Senin'),
  (22, 2, 102, 108, 107, 2, 'KLS-LG-197', 30, 'ganjil'::semester_aktif, '10:40:00', '13:10:00', 'Rabu'),
  (23, 1, 103, 109, 108, 2, 'KLS-LG-198', 30, 'ganjil'::semester_aktif, '10:40:00', '13:10:00', 'Senin'),
  (24, 3, 104, 110, 109, 2, 'KLS-LG-199', 30, 'ganjil'::semester_aktif, '16:10:00', '18:40:00', 'Selasa'),
  (25, 3, 5, 11, 110, 2, 'KLS-LG-200', 30, 'ganjil'::semester_aktif, '10:40:00', '13:10:00', 'Selasa');

-- --- 12. TABLE: KRS (100 Rows) ---
INSERT INTO krs (id_mahasiswa, id_tahun_ajaran, semester_aktif, status_krs, catatan) VALUES
  (13, 2, 'ganjil'::semester_aktif, 'sah'::status_krs, 'KRS disetujui Dosen Wali'),
  (14, 2, 'ganjil'::semester_aktif, 'sah'::status_krs, 'KRS disetujui Dosen Wali'),
  (15, 2, 'ganjil'::semester_aktif, 'sah'::status_krs, 'KRS disetujui Dosen Wali'),
  (16, 2, 'ganjil'::semester_aktif, 'sah'::status_krs, 'KRS disetujui Dosen Wali'),
  (17, 2, 'ganjil'::semester_aktif, 'sah'::status_krs, 'KRS disetujui Dosen Wali'),
  (18, 2, 'ganjil'::semester_aktif, 'sah'::status_krs, 'KRS disetujui Dosen Wali'),
  (19, 2, 'ganjil'::semester_aktif, 'sah'::status_krs, 'KRS disetujui Dosen Wali'),
  (20, 2, 'ganjil'::semester_aktif, 'sah'::status_krs, 'KRS disetujui Dosen Wali'),
  (21, 2, 'ganjil'::semester_aktif, 'sah'::status_krs, 'KRS disetujui Dosen Wali'),
  (22, 2, 'ganjil'::semester_aktif, 'sah'::status_krs, 'KRS disetujui Dosen Wali'),
  (23, 2, 'ganjil'::semester_aktif, 'sah'::status_krs, 'KRS disetujui Dosen Wali'),
  (24, 2, 'ganjil'::semester_aktif, 'sah'::status_krs, 'KRS disetujui Dosen Wali'),
  (25, 2, 'ganjil'::semester_aktif, 'sah'::status_krs, 'KRS disetujui Dosen Wali'),
  (26, 2, 'ganjil'::semester_aktif, 'sah'::status_krs, 'KRS disetujui Dosen Wali'),
  (27, 2, 'ganjil'::semester_aktif, 'sah'::status_krs, 'KRS disetujui Dosen Wali'),
  (28, 2, 'ganjil'::semester_aktif, 'sah'::status_krs, 'KRS disetujui Dosen Wali'),
  (29, 2, 'ganjil'::semester_aktif, 'sah'::status_krs, 'KRS disetujui Dosen Wali'),
  (30, 2, 'ganjil'::semester_aktif, 'sah'::status_krs, 'KRS disetujui Dosen Wali'),
  (31, 2, 'ganjil'::semester_aktif, 'sah'::status_krs, 'KRS disetujui Dosen Wali'),
  (32, 2, 'ganjil'::semester_aktif, 'sah'::status_krs, 'KRS disetujui Dosen Wali'),
  (33, 2, 'ganjil'::semester_aktif, 'sah'::status_krs, 'KRS disetujui Dosen Wali'),
  (34, 2, 'ganjil'::semester_aktif, 'sah'::status_krs, 'KRS disetujui Dosen Wali'),
  (35, 2, 'ganjil'::semester_aktif, 'sah'::status_krs, 'KRS disetujui Dosen Wali'),
  (36, 2, 'ganjil'::semester_aktif, 'sah'::status_krs, 'KRS disetujui Dosen Wali'),
  (37, 2, 'ganjil'::semester_aktif, 'sah'::status_krs, 'KRS disetujui Dosen Wali'),
  (38, 2, 'ganjil'::semester_aktif, 'sah'::status_krs, 'KRS disetujui Dosen Wali'),
  (39, 2, 'ganjil'::semester_aktif, 'sah'::status_krs, 'KRS disetujui Dosen Wali'),
  (40, 2, 'ganjil'::semester_aktif, 'sah'::status_krs, 'KRS disetujui Dosen Wali'),
  (41, 2, 'ganjil'::semester_aktif, 'sah'::status_krs, 'KRS disetujui Dosen Wali'),
  (42, 2, 'ganjil'::semester_aktif, 'sah'::status_krs, 'KRS disetujui Dosen Wali'),
  (43, 2, 'ganjil'::semester_aktif, 'sah'::status_krs, 'KRS disetujui Dosen Wali'),
  (44, 2, 'ganjil'::semester_aktif, 'sah'::status_krs, 'KRS disetujui Dosen Wali'),
  (45, 2, 'ganjil'::semester_aktif, 'sah'::status_krs, 'KRS disetujui Dosen Wali'),
  (46, 2, 'ganjil'::semester_aktif, 'sah'::status_krs, 'KRS disetujui Dosen Wali'),
  (47, 2, 'ganjil'::semester_aktif, 'sah'::status_krs, 'KRS disetujui Dosen Wali'),
  (48, 2, 'ganjil'::semester_aktif, 'sah'::status_krs, 'KRS disetujui Dosen Wali'),
  (49, 2, 'ganjil'::semester_aktif, 'sah'::status_krs, 'KRS disetujui Dosen Wali'),
  (50, 2, 'ganjil'::semester_aktif, 'sah'::status_krs, 'KRS disetujui Dosen Wali'),
  (51, 2, 'ganjil'::semester_aktif, 'sah'::status_krs, 'KRS disetujui Dosen Wali'),
  (52, 2, 'ganjil'::semester_aktif, 'sah'::status_krs, 'KRS disetujui Dosen Wali'),
  (53, 2, 'ganjil'::semester_aktif, 'sah'::status_krs, 'KRS disetujui Dosen Wali'),
  (54, 2, 'ganjil'::semester_aktif, 'sah'::status_krs, 'KRS disetujui Dosen Wali'),
  (55, 2, 'ganjil'::semester_aktif, 'sah'::status_krs, 'KRS disetujui Dosen Wali'),
  (56, 2, 'ganjil'::semester_aktif, 'sah'::status_krs, 'KRS disetujui Dosen Wali'),
  (57, 2, 'ganjil'::semester_aktif, 'sah'::status_krs, 'KRS disetujui Dosen Wali'),
  (58, 2, 'ganjil'::semester_aktif, 'sah'::status_krs, 'KRS disetujui Dosen Wali'),
  (59, 2, 'ganjil'::semester_aktif, 'sah'::status_krs, 'KRS disetujui Dosen Wali'),
  (60, 2, 'ganjil'::semester_aktif, 'sah'::status_krs, 'KRS disetujui Dosen Wali'),
  (61, 2, 'ganjil'::semester_aktif, 'sah'::status_krs, 'KRS disetujui Dosen Wali'),
  (62, 2, 'ganjil'::semester_aktif, 'sah'::status_krs, 'KRS disetujui Dosen Wali'),
  (63, 2, 'ganjil'::semester_aktif, 'sah'::status_krs, 'KRS disetujui Dosen Wali'),
  (64, 2, 'ganjil'::semester_aktif, 'sah'::status_krs, 'KRS disetujui Dosen Wali'),
  (65, 2, 'ganjil'::semester_aktif, 'sah'::status_krs, 'KRS disetujui Dosen Wali'),
  (66, 2, 'ganjil'::semester_aktif, 'sah'::status_krs, 'KRS disetujui Dosen Wali'),
  (67, 2, 'ganjil'::semester_aktif, 'sah'::status_krs, 'KRS disetujui Dosen Wali'),
  (68, 2, 'ganjil'::semester_aktif, 'sah'::status_krs, 'KRS disetujui Dosen Wali'),
  (69, 2, 'ganjil'::semester_aktif, 'sah'::status_krs, 'KRS disetujui Dosen Wali'),
  (70, 2, 'ganjil'::semester_aktif, 'sah'::status_krs, 'KRS disetujui Dosen Wali'),
  (71, 2, 'ganjil'::semester_aktif, 'sah'::status_krs, 'KRS disetujui Dosen Wali'),
  (72, 2, 'ganjil'::semester_aktif, 'sah'::status_krs, 'KRS disetujui Dosen Wali'),
  (73, 2, 'ganjil'::semester_aktif, 'sah'::status_krs, 'KRS disetujui Dosen Wali'),
  (74, 2, 'ganjil'::semester_aktif, 'sah'::status_krs, 'KRS disetujui Dosen Wali'),
  (75, 2, 'ganjil'::semester_aktif, 'sah'::status_krs, 'KRS disetujui Dosen Wali'),
  (76, 2, 'ganjil'::semester_aktif, 'sah'::status_krs, 'KRS disetujui Dosen Wali'),
  (77, 2, 'ganjil'::semester_aktif, 'sah'::status_krs, 'KRS disetujui Dosen Wali'),
  (78, 2, 'ganjil'::semester_aktif, 'sah'::status_krs, 'KRS disetujui Dosen Wali'),
  (79, 2, 'ganjil'::semester_aktif, 'sah'::status_krs, 'KRS disetujui Dosen Wali'),
  (80, 2, 'ganjil'::semester_aktif, 'sah'::status_krs, 'KRS disetujui Dosen Wali'),
  (81, 2, 'ganjil'::semester_aktif, 'sah'::status_krs, 'KRS disetujui Dosen Wali'),
  (82, 2, 'ganjil'::semester_aktif, 'sah'::status_krs, 'KRS disetujui Dosen Wali'),
  (83, 2, 'ganjil'::semester_aktif, 'sah'::status_krs, 'KRS disetujui Dosen Wali'),
  (84, 2, 'ganjil'::semester_aktif, 'sah'::status_krs, 'KRS disetujui Dosen Wali'),
  (85, 2, 'ganjil'::semester_aktif, 'sah'::status_krs, 'KRS disetujui Dosen Wali'),
  (86, 2, 'ganjil'::semester_aktif, 'sah'::status_krs, 'KRS disetujui Dosen Wali'),
  (87, 2, 'ganjil'::semester_aktif, 'sah'::status_krs, 'KRS disetujui Dosen Wali'),
  (88, 2, 'ganjil'::semester_aktif, 'sah'::status_krs, 'KRS disetujui Dosen Wali'),
  (89, 2, 'ganjil'::semester_aktif, 'sah'::status_krs, 'KRS disetujui Dosen Wali'),
  (90, 2, 'ganjil'::semester_aktif, 'sah'::status_krs, 'KRS disetujui Dosen Wali'),
  (91, 2, 'ganjil'::semester_aktif, 'sah'::status_krs, 'KRS disetujui Dosen Wali'),
  (92, 2, 'ganjil'::semester_aktif, 'sah'::status_krs, 'KRS disetujui Dosen Wali'),
  (93, 2, 'ganjil'::semester_aktif, 'sah'::status_krs, 'KRS disetujui Dosen Wali'),
  (94, 2, 'ganjil'::semester_aktif, 'sah'::status_krs, 'KRS disetujui Dosen Wali'),
  (95, 2, 'ganjil'::semester_aktif, 'sah'::status_krs, 'KRS disetujui Dosen Wali'),
  (96, 2, 'ganjil'::semester_aktif, 'sah'::status_krs, 'KRS disetujui Dosen Wali'),
  (97, 2, 'ganjil'::semester_aktif, 'sah'::status_krs, 'KRS disetujui Dosen Wali'),
  (98, 2, 'ganjil'::semester_aktif, 'sah'::status_krs, 'KRS disetujui Dosen Wali'),
  (99, 2, 'ganjil'::semester_aktif, 'sah'::status_krs, 'KRS disetujui Dosen Wali'),
  (100, 2, 'ganjil'::semester_aktif, 'sah'::status_krs, 'KRS disetujui Dosen Wali'),
  (101, 2, 'ganjil'::semester_aktif, 'sah'::status_krs, 'KRS disetujui Dosen Wali'),
  (102, 2, 'ganjil'::semester_aktif, 'sah'::status_krs, 'KRS disetujui Dosen Wali'),
  (103, 2, 'ganjil'::semester_aktif, 'sah'::status_krs, 'KRS disetujui Dosen Wali'),
  (104, 2, 'ganjil'::semester_aktif, 'sah'::status_krs, 'KRS disetujui Dosen Wali'),
  (105, 2, 'ganjil'::semester_aktif, 'sah'::status_krs, 'KRS disetujui Dosen Wali'),
  (106, 2, 'ganjil'::semester_aktif, 'sah'::status_krs, 'KRS disetujui Dosen Wali'),
  (107, 2, 'ganjil'::semester_aktif, 'sah'::status_krs, 'KRS disetujui Dosen Wali'),
  (108, 2, 'ganjil'::semester_aktif, 'sah'::status_krs, 'KRS disetujui Dosen Wali'),
  (109, 2, 'ganjil'::semester_aktif, 'sah'::status_krs, 'KRS disetujui Dosen Wali'),
  (110, 2, 'ganjil'::semester_aktif, 'sah'::status_krs, 'KRS disetujui Dosen Wali'),
  (111, 2, 'ganjil'::semester_aktif, 'sah'::status_krs, 'KRS disetujui Dosen Wali'),
  (112, 2, 'ganjil'::semester_aktif, 'sah'::status_krs, 'KRS disetujui Dosen Wali');

-- --- 13. TABLE: DETAIL_KRS (200 Rows) ---
INSERT INTO detail_krs (id_krs, id_kelas, nilai_tugas, nilai_uts, nilai_uas) VALUES
  (13, 13, 84.19, 78.44, 67.05),
  (13, 63, 73.91, 94.36, 73.56),
  (14, 14, 68.02, 65.70, 70.93),
  (14, 64, 62.79, 75.29, 87.62),
  (15, 15, 90.88, 70.92, 60.54),
  (15, 65, 74.99, 87.46, 94.44),
  (16, 16, 69.89, 70.77, 75.27),
  (16, 66, 80.01, 66.33, 78.76),
  (17, 17, 62.67, 79.92, 90.99),
  (17, 67, 64.47, 93.46, 64.62),
  (18, 18, 76.06, 65.57, 73.96),
  (18, 68, 75.01, 76.49, 86.83),
  (19, 19, 69.10, 74.00, 92.05),
  (19, 69, 79.27, 74.51, 68.35),
  (20, 20, 89.94, 65.18, 78.62),
  (20, 70, 86.54, 88.52, 73.28),
  (21, 21, 89.25, 77.08, 69.97),
  (21, 71, 76.48, 75.45, 72.75),
  (22, 22, 66.51, 93.88, 94.96),
  (22, 72, 61.52, 70.18, 72.89),
  (23, 23, 79.27, 83.80, 94.30),
  (23, 73, 75.07, 67.51, 70.48),
  (24, 24, 78.24, 71.84, 88.19),
  (24, 74, 69.26, 77.48, 87.27),
  (25, 25, 75.00, 67.52, 61.73),
  (25, 75, 75.73, 85.21, 78.46),
  (26, 26, 70.10, 93.22, 62.31),
  (26, 76, 63.57, 62.34, 90.95),
  (27, 27, 74.08, 68.24, 88.98),
  (27, 77, 74.02, 83.07, 80.41),
  (28, 28, 80.64, 62.40, 73.14),
  (28, 78, 91.77, 77.48, 76.74),
  (29, 29, 78.23, 63.87, 74.29),
  (29, 79, 92.61, 61.83, 73.92),
  (30, 30, 75.58, 72.32, 82.38),
  (30, 80, 69.66, 68.06, 61.49),
  (31, 31, 85.01, 93.84, 94.91),
  (31, 81, 89.75, 85.49, 84.54),
  (32, 32, 79.37, 73.42, 75.05),
  (32, 82, 69.21, 72.84, 91.18),
  (33, 33, 85.02, 88.36, 72.19),
  (33, 83, 70.69, 61.96, 81.59),
  (34, 34, 84.55, 77.78, 76.36),
  (34, 84, 60.49, 89.79, 93.98),
  (35, 35, 94.79, 72.58, 80.54),
  (35, 85, 94.10, 87.60, 92.88),
  (36, 36, 63.21, 89.77, 75.67),
  (36, 86, 89.64, 76.37, 68.95),
  (37, 37, 87.91, 67.03, 63.28),
  (37, 87, 72.28, 76.35, 94.20),
  (38, 38, 60.20, 71.63, 71.51),
  (38, 88, 78.37, 66.80, 78.79),
  (39, 39, 79.52, 91.76, 60.74),
  (39, 89, 81.58, 78.92, 64.50),
  (40, 40, 61.88, 85.21, 68.69),
  (40, 90, 72.26, 94.61, 79.92),
  (41, 41, 66.11, 85.55, 76.29),
  (41, 91, 68.33, 73.87, 90.02),
  (42, 42, 61.47, 82.32, 60.65),
  (42, 92, 91.14, 71.44, 66.00),
  (43, 43, 78.95, 73.70, 78.36),
  (43, 93, 90.49, 86.12, 64.86),
  (44, 44, 61.58, 79.59, 93.29),
  (44, 94, 92.54, 94.42, 93.42),
  (45, 45, 69.42, 67.60, 74.64),
  (45, 95, 85.45, 69.98, 76.26),
  (46, 46, 76.45, 69.34, 78.32),
  (46, 96, 70.04, 85.01, 91.18),
  (47, 47, 83.08, 89.92, 73.00),
  (47, 97, 77.55, 88.50, 71.43),
  (48, 48, 65.70, 78.99, 63.55),
  (48, 98, 74.52, 84.62, 88.08),
  (49, 49, 63.99, 92.31, 79.56),
  (49, 99, 71.78, 83.36, 63.17),
  (50, 50, 60.71, 67.90, 79.73),
  (50, 100, 84.50, 67.78, 67.10),
  (51, 51, 90.69, 72.40, 77.80),
  (51, 101, 93.22, 71.16, 71.32),
  (52, 52, 60.21, 65.43, 89.55),
  (52, 102, 87.28, 71.00, 94.66),
  (53, 53, 71.06, 85.72, 69.76),
  (53, 103, 80.91, 86.81, 83.46),
  (54, 54, 71.81, 94.34, 94.24),
  (54, 104, 90.87, 85.66, 87.14),
  (55, 55, 64.19, 65.09, 88.03),
  (55, 105, 71.26, 65.80, 78.33),
  (56, 56, 83.87, 84.92, 87.19),
  (56, 106, 65.44, 89.74, 94.27),
  (57, 57, 87.10, 65.19, 89.74),
  (57, 107, 67.90, 87.03, 73.49),
  (58, 58, 69.70, 82.01, 87.44),
  (58, 108, 72.19, 80.67, 70.49),
  (59, 59, 61.43, 67.97, 68.20),
  (59, 109, 65.45, 65.61, 92.96),
  (60, 60, 84.30, 81.61, 74.25),
  (60, 110, 86.99, 86.01, 88.22),
  (61, 61, 85.41, 74.20, 65.50),
  (61, 111, 67.28, 60.60, 85.35),
  (62, 62, 94.53, 67.56, 64.25),
  (62, 112, 88.20, 66.52, 94.37),
  (63, 13, 85.61, 83.46, 66.59),
  (63, 63, 93.42, 78.67, 63.61),
  (64, 14, 77.90, 65.93, 66.35),
  (64, 64, 86.00, 93.54, 76.13),
  (65, 15, 92.14, 77.56, 89.35),
  (65, 65, 82.71, 74.62, 89.90),
  (66, 16, 70.82, 91.76, 73.24),
  (66, 66, 63.89, 67.73, 70.97),
  (67, 17, 60.70, 72.89, 61.73),
  (67, 67, 60.50, 73.02, 80.33),
  (68, 18, 77.24, 80.88, 62.18),
  (68, 68, 89.39, 68.59, 72.90),
  (69, 19, 75.40, 62.89, 65.94),
  (69, 69, 64.34, 85.90, 87.12),
  (70, 20, 90.43, 92.12, 68.46),
  (70, 70, 83.72, 62.66, 73.08),
  (71, 21, 94.70, 81.20, 82.19),
  (71, 71, 73.70, 90.59, 84.86),
  (72, 22, 65.32, 75.17, 80.01),
  (72, 72, 65.64, 80.09, 70.63),
  (73, 23, 79.51, 94.32, 88.03),
  (73, 73, 82.29, 86.53, 78.28),
  (74, 24, 65.28, 63.79, 83.04),
  (74, 74, 90.63, 76.23, 92.21),
  (75, 25, 76.18, 87.84, 94.35),
  (75, 75, 66.66, 62.11, 83.85),
  (76, 26, 65.26, 73.39, 71.75),
  (76, 76, 72.97, 60.25, 92.94),
  (77, 27, 72.98, 76.32, 93.57),
  (77, 77, 67.25, 88.87, 91.76),
  (78, 28, 75.69, 91.05, 84.56),
  (78, 78, 83.25, 91.13, 74.80),
  (79, 29, 64.96, 87.62, 63.51),
  (79, 79, 69.00, 77.23, 83.01),
  (80, 30, 82.62, 81.95, 69.87),
  (80, 80, 81.50, 68.30, 66.58),
  (81, 31, 75.75, 82.05, 91.11),
  (81, 81, 69.45, 84.28, 87.77),
  (82, 32, 63.26, 80.29, 67.56),
  (82, 82, 88.21, 69.98, 78.10),
  (83, 33, 83.38, 88.80, 70.56),
  (83, 83, 74.82, 88.69, 93.05),
  (84, 34, 92.75, 83.81, 69.80),
  (84, 84, 90.64, 61.42, 78.37),
  (85, 35, 69.30, 70.68, 69.58),
  (85, 85, 67.31, 85.62, 81.93),
  (86, 36, 68.08, 83.43, 63.22),
  (86, 86, 91.84, 94.25, 93.97),
  (87, 37, 74.21, 94.51, 73.30),
  (87, 87, 75.76, 89.95, 87.22),
  (88, 38, 79.16, 90.24, 84.40),
  (88, 88, 85.93, 90.65, 77.92),
  (89, 39, 91.92, 66.86, 91.10),
  (89, 89, 79.39, 85.63, 86.22),
  (90, 40, 88.11, 77.98, 94.44),
  (90, 90, 70.20, 90.42, 81.96),
  (91, 41, 63.57, 86.34, 77.71),
  (91, 91, 63.81, 93.54, 88.48),
  (92, 42, 92.47, 76.43, 61.16),
  (92, 92, 86.08, 90.71, 71.49),
  (93, 43, 61.04, 82.42, 77.46),
  (93, 93, 79.66, 92.33, 92.33),
  (94, 44, 74.56, 90.78, 60.62),
  (94, 94, 77.01, 94.22, 88.03),
  (95, 45, 69.79, 80.99, 86.88),
  (95, 95, 86.72, 84.18, 76.37),
  (96, 46, 68.75, 92.04, 68.67),
  (96, 96, 69.88, 90.25, 69.83),
  (97, 47, 66.68, 76.79, 94.38),
  (97, 97, 71.86, 92.38, 64.75),
  (98, 48, 61.47, 64.36, 64.28),
  (98, 98, 89.52, 88.26, 87.77),
  (99, 49, 88.32, 77.68, 88.15),
  (99, 99, 83.82, 84.22, 81.25),
  (100, 50, 84.30, 89.74, 66.03),
  (100, 100, 80.33, 85.24, 68.21),
  (101, 51, 75.33, 61.19, 85.53),
  (101, 101, 89.64, 73.24, 80.88),
  (102, 52, 90.16, 69.12, 90.52),
  (102, 102, 92.69, 76.99, 81.38),
  (103, 53, 60.85, 64.18, 93.94),
  (103, 103, 77.51, 83.38, 87.62),
  (104, 54, 80.04, 88.80, 86.17),
  (104, 104, 64.34, 68.92, 84.58),
  (105, 55, 84.10, 60.77, 89.43),
  (105, 105, 93.59, 73.77, 70.88),
  (106, 56, 84.69, 82.49, 83.12),
  (106, 106, 81.05, 60.88, 74.00),
  (107, 57, 93.07, 72.69, 89.78),
  (107, 107, 70.66, 87.24, 89.91),
  (108, 58, 91.37, 76.35, 86.51),
  (108, 108, 85.53, 79.15, 80.22),
  (109, 59, 68.03, 66.10, 92.81),
  (109, 109, 94.90, 65.49, 68.74),
  (110, 60, 82.21, 72.96, 84.11),
  (110, 110, 79.05, 88.78, 86.15),
  (111, 61, 60.52, 60.05, 72.74),
  (111, 111, 64.00, 67.21, 94.90),
  (112, 62, 71.84, 76.95, 72.35),
  (112, 112, 87.13, 72.98, 66.52);

-- --- 14. TABLE: PERTEMUAN (100 Rows) ---
INSERT INTO pertemuan (id_kelas, nomor_pertemuan, tanggal) VALUES
  (14, 1, '2025-09-02'),
  (15, 1, '2025-09-03'),
  (16, 1, '2025-09-04'),
  (17, 1, '2025-09-05'),
  (18, 1, '2025-09-06'),
  (19, 1, '2025-09-07'),
  (20, 1, '2025-09-08'),
  (21, 1, '2025-09-09'),
  (22, 1, '2025-09-10'),
  (23, 1, '2025-09-11'),
  (24, 1, '2025-09-12'),
  (25, 1, '2025-09-13'),
  (26, 1, '2025-09-14'),
  (27, 1, '2025-09-15'),
  (28, 1, '2025-09-16'),
  (29, 1, '2025-09-17'),
  (30, 1, '2025-09-18'),
  (31, 1, '2025-09-19'),
  (32, 1, '2025-09-20'),
  (33, 1, '2025-09-21'),
  (34, 1, '2025-09-22'),
  (35, 1, '2025-09-23'),
  (36, 1, '2025-09-24'),
  (37, 1, '2025-09-25'),
  (38, 1, '2025-09-26'),
  (39, 1, '2025-09-27'),
  (40, 1, '2025-09-28'),
  (41, 1, '2025-09-01'),
  (42, 1, '2025-09-02'),
  (43, 1, '2025-09-03'),
  (44, 1, '2025-09-04'),
  (45, 1, '2025-09-05'),
  (46, 1, '2025-09-06'),
  (47, 1, '2025-09-07'),
  (48, 1, '2025-09-08'),
  (49, 1, '2025-09-09'),
  (50, 1, '2025-09-10'),
  (51, 1, '2025-09-11'),
  (52, 1, '2025-09-12'),
  (53, 1, '2025-09-13'),
  (54, 1, '2025-09-14'),
  (55, 1, '2025-09-15'),
  (56, 1, '2025-09-16'),
  (57, 1, '2025-09-17'),
  (58, 1, '2025-09-18'),
  (59, 1, '2025-09-19'),
  (60, 1, '2025-09-20'),
  (61, 1, '2025-09-21'),
  (62, 1, '2025-09-22'),
  (63, 1, '2025-09-23'),
  (64, 1, '2025-09-24'),
  (65, 1, '2025-09-25'),
  (66, 1, '2025-09-26'),
  (67, 1, '2025-09-27'),
  (68, 1, '2025-09-28'),
  (69, 1, '2025-09-01'),
  (70, 1, '2025-09-02'),
  (71, 1, '2025-09-03'),
  (72, 1, '2025-09-04'),
  (73, 1, '2025-09-05'),
  (74, 1, '2025-09-06'),
  (75, 1, '2025-09-07'),
  (76, 1, '2025-09-08'),
  (77, 1, '2025-09-09'),
  (78, 1, '2025-09-10'),
  (79, 1, '2025-09-11'),
  (80, 1, '2025-09-12'),
  (81, 1, '2025-09-13'),
  (82, 1, '2025-09-14'),
  (83, 1, '2025-09-15'),
  (84, 1, '2025-09-16'),
  (85, 1, '2025-09-17'),
  (86, 1, '2025-09-18'),
  (87, 1, '2025-09-19'),
  (88, 1, '2025-09-20'),
  (89, 1, '2025-09-21'),
  (90, 1, '2025-09-22'),
  (91, 1, '2025-09-23'),
  (92, 1, '2025-09-24'),
  (93, 1, '2025-09-25'),
  (94, 1, '2025-09-26'),
  (95, 1, '2025-09-27'),
  (96, 1, '2025-09-28'),
  (97, 1, '2025-09-01'),
  (98, 1, '2025-09-02'),
  (99, 1, '2025-09-03'),
  (100, 1, '2025-09-04'),
  (101, 1, '2025-09-05'),
  (102, 1, '2025-09-06'),
  (103, 1, '2025-09-07'),
  (104, 1, '2025-09-08'),
  (105, 1, '2025-09-09'),
  (106, 1, '2025-09-10'),
  (107, 1, '2025-09-11'),
  (108, 1, '2025-09-12'),
  (109, 1, '2025-09-13'),
  (110, 1, '2025-09-14'),
  (111, 1, '2025-09-15'),
  (112, 1, '2025-09-16'),
  (13, 2, '2025-09-17');

-- --- 15. TABLE: PRESENSI (200 Rows) ---
INSERT INTO presensi (id_detail_krs, id_pertemuan, status_presensi) VALUES
  (21, 13, 'hadir'::status_presensi),
  (22, 14, 'hadir'::status_presensi),
  (23, 15, 'hadir'::status_presensi),
  (24, 16, 'hadir'::status_presensi),
  (25, 17, 'hadir'::status_presensi),
  (26, 18, 'hadir'::status_presensi),
  (27, 19, 'hadir'::status_presensi),
  (28, 20, 'hadir'::status_presensi),
  (29, 21, 'alfa'::status_presensi),
  (30, 22, 'izin'::status_presensi),
  (31, 23, 'alfa'::status_presensi),
  (32, 24, 'hadir'::status_presensi),
  (33, 25, 'alfa'::status_presensi),
  (34, 26, 'hadir'::status_presensi),
  (35, 27, 'hadir'::status_presensi),
  (36, 28, 'hadir'::status_presensi),
  (37, 29, 'hadir'::status_presensi),
  (38, 30, 'hadir'::status_presensi),
  (39, 31, 'hadir'::status_presensi),
  (40, 32, 'hadir'::status_presensi),
  (41, 33, 'hadir'::status_presensi),
  (42, 34, 'hadir'::status_presensi),
  (43, 35, 'hadir'::status_presensi),
  (44, 36, 'hadir'::status_presensi),
  (45, 37, 'hadir'::status_presensi),
  (46, 38, 'hadir'::status_presensi),
  (47, 39, 'alfa'::status_presensi),
  (48, 40, 'hadir'::status_presensi),
  (49, 41, 'hadir'::status_presensi),
  (50, 42, 'hadir'::status_presensi),
  (51, 43, 'hadir'::status_presensi),
  (52, 44, 'hadir'::status_presensi),
  (53, 45, 'hadir'::status_presensi),
  (54, 46, 'hadir'::status_presensi),
  (55, 47, 'hadir'::status_presensi),
  (56, 48, 'hadir'::status_presensi),
  (57, 49, 'hadir'::status_presensi),
  (58, 50, 'hadir'::status_presensi),
  (59, 51, 'hadir'::status_presensi),
  (60, 52, 'hadir'::status_presensi),
  (61, 53, 'hadir'::status_presensi),
  (62, 54, 'hadir'::status_presensi),
  (63, 55, 'hadir'::status_presensi),
  (64, 56, 'hadir'::status_presensi),
  (65, 57, 'hadir'::status_presensi),
  (66, 58, 'hadir'::status_presensi),
  (67, 59, 'hadir'::status_presensi),
  (68, 60, 'hadir'::status_presensi),
  (69, 61, 'hadir'::status_presensi),
  (70, 62, 'hadir'::status_presensi),
  (71, 63, 'hadir'::status_presensi),
  (72, 64, 'hadir'::status_presensi),
  (73, 65, 'hadir'::status_presensi),
  (74, 66, 'hadir'::status_presensi),
  (75, 67, 'hadir'::status_presensi),
  (76, 68, 'hadir'::status_presensi),
  (77, 69, 'hadir'::status_presensi),
  (78, 70, 'hadir'::status_presensi),
  (79, 71, 'hadir'::status_presensi),
  (80, 72, 'hadir'::status_presensi),
  (81, 73, 'hadir'::status_presensi),
  (82, 74, 'izin'::status_presensi),
  (83, 75, 'alfa'::status_presensi),
  (84, 76, 'hadir'::status_presensi),
  (85, 77, 'izin'::status_presensi),
  (86, 78, 'hadir'::status_presensi),
  (87, 79, 'hadir'::status_presensi),
  (88, 80, 'izin'::status_presensi),
  (89, 81, 'hadir'::status_presensi),
  (90, 82, 'hadir'::status_presensi),
  (91, 83, 'hadir'::status_presensi),
  (92, 84, 'hadir'::status_presensi),
  (93, 85, 'izin'::status_presensi),
  (94, 86, 'hadir'::status_presensi),
  (95, 87, 'hadir'::status_presensi),
  (96, 88, 'hadir'::status_presensi),
  (97, 89, 'hadir'::status_presensi),
  (98, 90, 'hadir'::status_presensi),
  (99, 91, 'hadir'::status_presensi),
  (100, 92, 'hadir'::status_presensi),
  (101, 93, 'hadir'::status_presensi),
  (102, 94, 'hadir'::status_presensi),
  (103, 95, 'hadir'::status_presensi),
  (104, 96, 'hadir'::status_presensi),
  (105, 97, 'hadir'::status_presensi),
  (106, 98, 'hadir'::status_presensi),
  (107, 99, 'alfa'::status_presensi),
  (108, 100, 'hadir'::status_presensi),
  (109, 101, 'hadir'::status_presensi),
  (110, 102, 'hadir'::status_presensi),
  (111, 103, 'hadir'::status_presensi),
  (112, 104, 'izin'::status_presensi),
  (113, 105, 'hadir'::status_presensi),
  (114, 106, 'hadir'::status_presensi),
  (115, 107, 'hadir'::status_presensi),
  (116, 108, 'hadir'::status_presensi),
  (117, 109, 'hadir'::status_presensi),
  (118, 110, 'hadir'::status_presensi),
  (119, 111, 'izin'::status_presensi),
  (120, 112, 'izin'::status_presensi),
  (121, 13, 'hadir'::status_presensi),
  (122, 14, 'hadir'::status_presensi),
  (123, 15, 'hadir'::status_presensi),
  (124, 16, 'hadir'::status_presensi),
  (125, 17, 'hadir'::status_presensi),
  (126, 18, 'hadir'::status_presensi),
  (127, 19, 'izin'::status_presensi),
  (128, 20, 'hadir'::status_presensi),
  (129, 21, 'hadir'::status_presensi),
  (130, 22, 'alfa'::status_presensi),
  (131, 23, 'hadir'::status_presensi),
  (132, 24, 'hadir'::status_presensi),
  (133, 25, 'hadir'::status_presensi),
  (134, 26, 'hadir'::status_presensi),
  (135, 27, 'hadir'::status_presensi),
  (136, 28, 'hadir'::status_presensi),
  (137, 29, 'hadir'::status_presensi),
  (138, 30, 'hadir'::status_presensi),
  (139, 31, 'hadir'::status_presensi),
  (140, 32, 'hadir'::status_presensi),
  (141, 33, 'hadir'::status_presensi),
  (142, 34, 'hadir'::status_presensi),
  (143, 35, 'hadir'::status_presensi),
  (144, 36, 'hadir'::status_presensi),
  (145, 37, 'hadir'::status_presensi),
  (146, 38, 'hadir'::status_presensi),
  (147, 39, 'hadir'::status_presensi),
  (148, 40, 'hadir'::status_presensi),
  (149, 41, 'hadir'::status_presensi),
  (150, 42, 'hadir'::status_presensi),
  (151, 43, 'hadir'::status_presensi),
  (152, 44, 'hadir'::status_presensi),
  (153, 45, 'hadir'::status_presensi),
  (154, 46, 'alfa'::status_presensi),
  (155, 47, 'hadir'::status_presensi),
  (156, 48, 'izin'::status_presensi),
  (157, 49, 'hadir'::status_presensi),
  (158, 50, 'hadir'::status_presensi),
  (159, 51, 'hadir'::status_presensi),
  (160, 52, 'hadir'::status_presensi),
  (161, 53, 'izin'::status_presensi),
  (162, 54, 'hadir'::status_presensi),
  (163, 55, 'hadir'::status_presensi),
  (164, 56, 'hadir'::status_presensi),
  (165, 57, 'hadir'::status_presensi),
  (166, 58, 'hadir'::status_presensi),
  (167, 59, 'hadir'::status_presensi),
  (168, 60, 'izin'::status_presensi),
  (169, 61, 'hadir'::status_presensi),
  (170, 62, 'hadir'::status_presensi),
  (171, 63, 'hadir'::status_presensi),
  (172, 64, 'hadir'::status_presensi),
  (173, 65, 'hadir'::status_presensi),
  (174, 66, 'hadir'::status_presensi),
  (175, 67, 'hadir'::status_presensi),
  (176, 68, 'hadir'::status_presensi),
  (177, 69, 'hadir'::status_presensi),
  (178, 70, 'hadir'::status_presensi),
  (179, 71, 'hadir'::status_presensi),
  (180, 72, 'hadir'::status_presensi),
  (181, 73, 'hadir'::status_presensi),
  (182, 74, 'hadir'::status_presensi),
  (183, 75, 'hadir'::status_presensi),
  (184, 76, 'hadir'::status_presensi),
  (185, 77, 'hadir'::status_presensi),
  (186, 78, 'hadir'::status_presensi),
  (187, 79, 'hadir'::status_presensi),
  (188, 80, 'hadir'::status_presensi),
  (189, 81, 'hadir'::status_presensi),
  (190, 82, 'hadir'::status_presensi),
  (191, 83, 'hadir'::status_presensi),
  (192, 84, 'hadir'::status_presensi),
  (193, 85, 'hadir'::status_presensi),
  (194, 86, 'hadir'::status_presensi),
  (195, 87, 'hadir'::status_presensi),
  (196, 88, 'hadir'::status_presensi),
  (197, 89, 'hadir'::status_presensi),
  (198, 90, 'hadir'::status_presensi),
  (199, 91, 'hadir'::status_presensi),
  (200, 92, 'hadir'::status_presensi),
  (201, 93, 'hadir'::status_presensi),
  (202, 94, 'hadir'::status_presensi),
  (203, 95, 'hadir'::status_presensi),
  (204, 96, 'hadir'::status_presensi),
  (205, 97, 'hadir'::status_presensi),
  (206, 98, 'hadir'::status_presensi),
  (207, 99, 'hadir'::status_presensi),
  (208, 100, 'hadir'::status_presensi),
  (209, 101, 'hadir'::status_presensi),
  (210, 102, 'hadir'::status_presensi),
  (211, 103, 'hadir'::status_presensi),
  (212, 104, 'hadir'::status_presensi),
  (213, 105, 'hadir'::status_presensi),
  (214, 106, 'hadir'::status_presensi),
  (215, 107, 'hadir'::status_presensi),
  (216, 108, 'hadir'::status_presensi),
  (217, 109, 'hadir'::status_presensi),
  (218, 110, 'hadir'::status_presensi),
  (219, 111, 'hadir'::status_presensi),
  (220, 112, 'hadir'::status_presensi);

-- --- 16. TABLE: TAGIHAN (100 Rows) ---
INSERT INTO tagihan (id_mahasiswa, id_tahun_ajaran, semester_aktif, tipe_tagihan, nominal, status_tagihan, tenggat) VALUES
  (13, 2, 'ganjil'::semester_aktif, 'ukt'::tipe_tagihan, 4200000.00, 'lunas'::status_transaksi, '2025-07-31'),
  (14, 2, 'ganjil'::semester_aktif, 'ukt'::tipe_tagihan, 5500000.00, 'belum'::status_transaksi, '2025-07-31'),
  (15, 2, 'ganjil'::semester_aktif, 'ukt'::tipe_tagihan, 5500000.00, 'lunas'::status_transaksi, '2025-07-31'),
  (16, 2, 'ganjil'::semester_aktif, 'ukt'::tipe_tagihan, 5000000.00, 'lunas'::status_transaksi, '2025-07-31'),
  (17, 2, 'ganjil'::semester_aktif, 'ukt'::tipe_tagihan, 3500000.00, 'belum'::status_transaksi, '2025-07-31'),
  (18, 2, 'ganjil'::semester_aktif, 'ukt'::tipe_tagihan, 5500000.00, 'lunas'::status_transaksi, '2025-07-31'),
  (19, 2, 'ganjil'::semester_aktif, 'ukt'::tipe_tagihan, 4200000.00, 'lunas'::status_transaksi, '2025-07-31'),
  (20, 2, 'ganjil'::semester_aktif, 'ukt'::tipe_tagihan, 4200000.00, 'lunas'::status_transaksi, '2025-07-31'),
  (21, 2, 'ganjil'::semester_aktif, 'ukt'::tipe_tagihan, 5000000.00, 'belum'::status_transaksi, '2025-07-31'),
  (22, 2, 'ganjil'::semester_aktif, 'ukt'::tipe_tagihan, 5000000.00, 'belum'::status_transaksi, '2025-07-31'),
  (23, 2, 'ganjil'::semester_aktif, 'ukt'::tipe_tagihan, 5500000.00, 'lunas'::status_transaksi, '2025-07-31'),
  (24, 2, 'ganjil'::semester_aktif, 'ukt'::tipe_tagihan, 5500000.00, 'belum'::status_transaksi, '2025-07-31'),
  (25, 2, 'ganjil'::semester_aktif, 'ukt'::tipe_tagihan, 4200000.00, 'lunas'::status_transaksi, '2025-07-31'),
  (26, 2, 'ganjil'::semester_aktif, 'ukt'::tipe_tagihan, 3500000.00, 'lunas'::status_transaksi, '2025-07-31'),
  (27, 2, 'ganjil'::semester_aktif, 'ukt'::tipe_tagihan, 6000000.00, 'belum'::status_transaksi, '2025-07-31'),
  (28, 2, 'ganjil'::semester_aktif, 'ukt'::tipe_tagihan, 5500000.00, 'belum'::status_transaksi, '2025-07-31'),
  (29, 2, 'ganjil'::semester_aktif, 'ukt'::tipe_tagihan, 3500000.00, 'lunas'::status_transaksi, '2025-07-31'),
  (30, 2, 'ganjil'::semester_aktif, 'ukt'::tipe_tagihan, 5000000.00, 'lunas'::status_transaksi, '2025-07-31'),
  (31, 2, 'ganjil'::semester_aktif, 'ukt'::tipe_tagihan, 6000000.00, 'lunas'::status_transaksi, '2025-07-31'),
  (32, 2, 'ganjil'::semester_aktif, 'ukt'::tipe_tagihan, 6000000.00, 'lunas'::status_transaksi, '2025-07-31'),
  (33, 2, 'ganjil'::semester_aktif, 'ukt'::tipe_tagihan, 3500000.00, 'lunas'::status_transaksi, '2025-07-31'),
  (34, 2, 'ganjil'::semester_aktif, 'ukt'::tipe_tagihan, 3500000.00, 'lunas'::status_transaksi, '2025-07-31'),
  (35, 2, 'ganjil'::semester_aktif, 'ukt'::tipe_tagihan, 6000000.00, 'lunas'::status_transaksi, '2025-07-31'),
  (36, 2, 'ganjil'::semester_aktif, 'ukt'::tipe_tagihan, 4200000.00, 'lunas'::status_transaksi, '2025-07-31'),
  (37, 2, 'ganjil'::semester_aktif, 'ukt'::tipe_tagihan, 4200000.00, 'lunas'::status_transaksi, '2025-07-31'),
  (38, 2, 'ganjil'::semester_aktif, 'ukt'::tipe_tagihan, 5500000.00, 'lunas'::status_transaksi, '2025-07-31'),
  (39, 2, 'ganjil'::semester_aktif, 'ukt'::tipe_tagihan, 5000000.00, 'lunas'::status_transaksi, '2025-07-31'),
  (40, 2, 'ganjil'::semester_aktif, 'ukt'::tipe_tagihan, 3500000.00, 'belum'::status_transaksi, '2025-07-31'),
  (41, 2, 'ganjil'::semester_aktif, 'ukt'::tipe_tagihan, 5500000.00, 'belum'::status_transaksi, '2025-07-31'),
  (42, 2, 'ganjil'::semester_aktif, 'ukt'::tipe_tagihan, 5000000.00, 'belum'::status_transaksi, '2025-07-31'),
  (43, 2, 'ganjil'::semester_aktif, 'ukt'::tipe_tagihan, 4200000.00, 'belum'::status_transaksi, '2025-07-31'),
  (44, 2, 'ganjil'::semester_aktif, 'ukt'::tipe_tagihan, 5000000.00, 'lunas'::status_transaksi, '2025-07-31'),
  (45, 2, 'ganjil'::semester_aktif, 'ukt'::tipe_tagihan, 6000000.00, 'lunas'::status_transaksi, '2025-07-31'),
  (46, 2, 'ganjil'::semester_aktif, 'ukt'::tipe_tagihan, 4200000.00, 'lunas'::status_transaksi, '2025-07-31'),
  (47, 2, 'ganjil'::semester_aktif, 'ukt'::tipe_tagihan, 3500000.00, 'lunas'::status_transaksi, '2025-07-31'),
  (48, 2, 'ganjil'::semester_aktif, 'ukt'::tipe_tagihan, 5500000.00, 'lunas'::status_transaksi, '2025-07-31'),
  (49, 2, 'ganjil'::semester_aktif, 'ukt'::tipe_tagihan, 5500000.00, 'lunas'::status_transaksi, '2025-07-31'),
  (50, 2, 'ganjil'::semester_aktif, 'ukt'::tipe_tagihan, 5500000.00, 'lunas'::status_transaksi, '2025-07-31'),
  (51, 2, 'ganjil'::semester_aktif, 'ukt'::tipe_tagihan, 5000000.00, 'lunas'::status_transaksi, '2025-07-31'),
  (52, 2, 'ganjil'::semester_aktif, 'ukt'::tipe_tagihan, 5000000.00, 'lunas'::status_transaksi, '2025-07-31'),
  (53, 2, 'ganjil'::semester_aktif, 'ukt'::tipe_tagihan, 5000000.00, 'belum'::status_transaksi, '2025-07-31'),
  (54, 2, 'ganjil'::semester_aktif, 'ukt'::tipe_tagihan, 4200000.00, 'belum'::status_transaksi, '2025-07-31'),
  (55, 2, 'ganjil'::semester_aktif, 'ukt'::tipe_tagihan, 4200000.00, 'lunas'::status_transaksi, '2025-07-31'),
  (56, 2, 'ganjil'::semester_aktif, 'ukt'::tipe_tagihan, 5000000.00, 'belum'::status_transaksi, '2025-07-31'),
  (57, 2, 'ganjil'::semester_aktif, 'ukt'::tipe_tagihan, 6000000.00, 'lunas'::status_transaksi, '2025-07-31'),
  (58, 2, 'ganjil'::semester_aktif, 'ukt'::tipe_tagihan, 6000000.00, 'lunas'::status_transaksi, '2025-07-31'),
  (59, 2, 'ganjil'::semester_aktif, 'ukt'::tipe_tagihan, 5000000.00, 'lunas'::status_transaksi, '2025-07-31'),
  (60, 2, 'ganjil'::semester_aktif, 'ukt'::tipe_tagihan, 5500000.00, 'belum'::status_transaksi, '2025-07-31'),
  (61, 2, 'ganjil'::semester_aktif, 'ukt'::tipe_tagihan, 4200000.00, 'lunas'::status_transaksi, '2025-07-31'),
  (62, 2, 'ganjil'::semester_aktif, 'ukt'::tipe_tagihan, 6000000.00, 'lunas'::status_transaksi, '2025-07-31'),
  (63, 2, 'ganjil'::semester_aktif, 'ukt'::tipe_tagihan, 4200000.00, 'lunas'::status_transaksi, '2025-07-31'),
  (64, 2, 'ganjil'::semester_aktif, 'ukt'::tipe_tagihan, 5500000.00, 'belum'::status_transaksi, '2025-07-31'),
  (65, 2, 'ganjil'::semester_aktif, 'ukt'::tipe_tagihan, 6000000.00, 'lunas'::status_transaksi, '2025-07-31'),
  (66, 2, 'ganjil'::semester_aktif, 'ukt'::tipe_tagihan, 5000000.00, 'lunas'::status_transaksi, '2025-07-31'),
  (67, 2, 'ganjil'::semester_aktif, 'ukt'::tipe_tagihan, 3500000.00, 'lunas'::status_transaksi, '2025-07-31'),
  (68, 2, 'ganjil'::semester_aktif, 'ukt'::tipe_tagihan, 4200000.00, 'lunas'::status_transaksi, '2025-07-31'),
  (69, 2, 'ganjil'::semester_aktif, 'ukt'::tipe_tagihan, 3500000.00, 'belum'::status_transaksi, '2025-07-31'),
  (70, 2, 'ganjil'::semester_aktif, 'ukt'::tipe_tagihan, 5500000.00, 'belum'::status_transaksi, '2025-07-31'),
  (71, 2, 'ganjil'::semester_aktif, 'ukt'::tipe_tagihan, 5000000.00, 'lunas'::status_transaksi, '2025-07-31'),
  (72, 2, 'ganjil'::semester_aktif, 'ukt'::tipe_tagihan, 6000000.00, 'belum'::status_transaksi, '2025-07-31'),
  (73, 2, 'ganjil'::semester_aktif, 'ukt'::tipe_tagihan, 4200000.00, 'belum'::status_transaksi, '2025-07-31'),
  (74, 2, 'ganjil'::semester_aktif, 'ukt'::tipe_tagihan, 3500000.00, 'belum'::status_transaksi, '2025-07-31'),
  (75, 2, 'ganjil'::semester_aktif, 'ukt'::tipe_tagihan, 5000000.00, 'lunas'::status_transaksi, '2025-07-31'),
  (76, 2, 'ganjil'::semester_aktif, 'ukt'::tipe_tagihan, 5000000.00, 'lunas'::status_transaksi, '2025-07-31'),
  (77, 2, 'ganjil'::semester_aktif, 'ukt'::tipe_tagihan, 5000000.00, 'lunas'::status_transaksi, '2025-07-31'),
  (78, 2, 'ganjil'::semester_aktif, 'ukt'::tipe_tagihan, 4200000.00, 'lunas'::status_transaksi, '2025-07-31'),
  (79, 2, 'ganjil'::semester_aktif, 'ukt'::tipe_tagihan, 6000000.00, 'belum'::status_transaksi, '2025-07-31'),
  (80, 2, 'ganjil'::semester_aktif, 'ukt'::tipe_tagihan, 6000000.00, 'lunas'::status_transaksi, '2025-07-31'),
  (81, 2, 'ganjil'::semester_aktif, 'ukt'::tipe_tagihan, 5000000.00, 'lunas'::status_transaksi, '2025-07-31'),
  (82, 2, 'ganjil'::semester_aktif, 'ukt'::tipe_tagihan, 5500000.00, 'belum'::status_transaksi, '2025-07-31'),
  (83, 2, 'ganjil'::semester_aktif, 'ukt'::tipe_tagihan, 5500000.00, 'lunas'::status_transaksi, '2025-07-31'),
  (84, 2, 'ganjil'::semester_aktif, 'ukt'::tipe_tagihan, 3500000.00, 'belum'::status_transaksi, '2025-07-31'),
  (85, 2, 'ganjil'::semester_aktif, 'ukt'::tipe_tagihan, 3500000.00, 'belum'::status_transaksi, '2025-07-31'),
  (86, 2, 'ganjil'::semester_aktif, 'ukt'::tipe_tagihan, 3500000.00, 'lunas'::status_transaksi, '2025-07-31'),
  (87, 2, 'ganjil'::semester_aktif, 'ukt'::tipe_tagihan, 5000000.00, 'lunas'::status_transaksi, '2025-07-31'),
  (88, 2, 'ganjil'::semester_aktif, 'ukt'::tipe_tagihan, 5500000.00, 'belum'::status_transaksi, '2025-07-31'),
  (89, 2, 'ganjil'::semester_aktif, 'ukt'::tipe_tagihan, 6000000.00, 'belum'::status_transaksi, '2025-07-31'),
  (90, 2, 'ganjil'::semester_aktif, 'ukt'::tipe_tagihan, 5000000.00, 'lunas'::status_transaksi, '2025-07-31'),
  (91, 2, 'ganjil'::semester_aktif, 'ukt'::tipe_tagihan, 4200000.00, 'belum'::status_transaksi, '2025-07-31'),
  (92, 2, 'ganjil'::semester_aktif, 'ukt'::tipe_tagihan, 5000000.00, 'lunas'::status_transaksi, '2025-07-31'),
  (93, 2, 'ganjil'::semester_aktif, 'ukt'::tipe_tagihan, 3500000.00, 'lunas'::status_transaksi, '2025-07-31'),
  (94, 2, 'ganjil'::semester_aktif, 'ukt'::tipe_tagihan, 3500000.00, 'belum'::status_transaksi, '2025-07-31'),
  (95, 2, 'ganjil'::semester_aktif, 'ukt'::tipe_tagihan, 5000000.00, 'belum'::status_transaksi, '2025-07-31'),
  (96, 2, 'ganjil'::semester_aktif, 'ukt'::tipe_tagihan, 5000000.00, 'belum'::status_transaksi, '2025-07-31'),
  (97, 2, 'ganjil'::semester_aktif, 'ukt'::tipe_tagihan, 3500000.00, 'lunas'::status_transaksi, '2025-07-31'),
  (98, 2, 'ganjil'::semester_aktif, 'ukt'::tipe_tagihan, 6000000.00, 'belum'::status_transaksi, '2025-07-31'),
  (99, 2, 'ganjil'::semester_aktif, 'ukt'::tipe_tagihan, 3500000.00, 'belum'::status_transaksi, '2025-07-31'),
  (100, 2, 'ganjil'::semester_aktif, 'ukt'::tipe_tagihan, 4200000.00, 'belum'::status_transaksi, '2025-07-31'),
  (101, 2, 'ganjil'::semester_aktif, 'ukt'::tipe_tagihan, 5500000.00, 'lunas'::status_transaksi, '2025-07-31'),
  (102, 2, 'ganjil'::semester_aktif, 'ukt'::tipe_tagihan, 4200000.00, 'lunas'::status_transaksi, '2025-07-31'),
  (103, 2, 'ganjil'::semester_aktif, 'ukt'::tipe_tagihan, 6000000.00, 'lunas'::status_transaksi, '2025-07-31'),
  (104, 2, 'ganjil'::semester_aktif, 'ukt'::tipe_tagihan, 6000000.00, 'belum'::status_transaksi, '2025-07-31'),
  (105, 2, 'ganjil'::semester_aktif, 'ukt'::tipe_tagihan, 3500000.00, 'belum'::status_transaksi, '2025-07-31'),
  (106, 2, 'ganjil'::semester_aktif, 'ukt'::tipe_tagihan, 5000000.00, 'lunas'::status_transaksi, '2025-07-31'),
  (107, 2, 'ganjil'::semester_aktif, 'ukt'::tipe_tagihan, 4200000.00, 'belum'::status_transaksi, '2025-07-31'),
  (108, 2, 'ganjil'::semester_aktif, 'ukt'::tipe_tagihan, 3500000.00, 'lunas'::status_transaksi, '2025-07-31'),
  (109, 2, 'ganjil'::semester_aktif, 'ukt'::tipe_tagihan, 5000000.00, 'lunas'::status_transaksi, '2025-07-31'),
  (110, 2, 'ganjil'::semester_aktif, 'ukt'::tipe_tagihan, 5500000.00, 'lunas'::status_transaksi, '2025-07-31'),
  (111, 2, 'ganjil'::semester_aktif, 'ukt'::tipe_tagihan, 3500000.00, 'lunas'::status_transaksi, '2025-07-31'),
  (112, 2, 'ganjil'::semester_aktif, 'ukt'::tipe_tagihan, 5500000.00, 'lunas'::status_transaksi, '2025-07-31');

-- --- 17. TABLE: PEMBAYARAN (100 Rows) ---
INSERT INTO pembayaran (id_tagihan, nominal_bayar, status_pembayaran) VALUES
  (12, (SELECT nominal FROM tagihan WHERE id_tagihan = 12), 'lunas'::status_transaksi),
  (13, (SELECT nominal FROM tagihan WHERE id_tagihan = 13), 'lunas'::status_transaksi),
  (14, (SELECT nominal FROM tagihan WHERE id_tagihan = 14), 'lunas'::status_transaksi),
  (15, (SELECT nominal FROM tagihan WHERE id_tagihan = 15), 'lunas'::status_transaksi),
  (16, (SELECT nominal FROM tagihan WHERE id_tagihan = 16), 'lunas'::status_transaksi),
  (17, (SELECT nominal FROM tagihan WHERE id_tagihan = 17), 'lunas'::status_transaksi),
  (18, (SELECT nominal FROM tagihan WHERE id_tagihan = 18), 'lunas'::status_transaksi),
  (19, (SELECT nominal FROM tagihan WHERE id_tagihan = 19), 'lunas'::status_transaksi),
  (20, (SELECT nominal FROM tagihan WHERE id_tagihan = 20), 'lunas'::status_transaksi),
  (21, (SELECT nominal FROM tagihan WHERE id_tagihan = 21), 'lunas'::status_transaksi),
  (22, (SELECT nominal FROM tagihan WHERE id_tagihan = 22), 'lunas'::status_transaksi),
  (23, (SELECT nominal FROM tagihan WHERE id_tagihan = 23), 'lunas'::status_transaksi),
  (24, (SELECT nominal FROM tagihan WHERE id_tagihan = 24), 'lunas'::status_transaksi),
  (25, (SELECT nominal FROM tagihan WHERE id_tagihan = 25), 'lunas'::status_transaksi),
  (26, (SELECT nominal FROM tagihan WHERE id_tagihan = 26), 'lunas'::status_transaksi),
  (27, (SELECT nominal FROM tagihan WHERE id_tagihan = 27), 'lunas'::status_transaksi),
  (28, (SELECT nominal FROM tagihan WHERE id_tagihan = 28), 'lunas'::status_transaksi),
  (29, (SELECT nominal FROM tagihan WHERE id_tagihan = 29), 'lunas'::status_transaksi),
  (30, (SELECT nominal FROM tagihan WHERE id_tagihan = 30), 'lunas'::status_transaksi),
  (31, (SELECT nominal FROM tagihan WHERE id_tagihan = 31), 'lunas'::status_transaksi),
  (32, (SELECT nominal FROM tagihan WHERE id_tagihan = 32), 'lunas'::status_transaksi),
  (33, (SELECT nominal FROM tagihan WHERE id_tagihan = 33), 'lunas'::status_transaksi),
  (34, (SELECT nominal FROM tagihan WHERE id_tagihan = 34), 'lunas'::status_transaksi),
  (35, (SELECT nominal FROM tagihan WHERE id_tagihan = 35), 'lunas'::status_transaksi),
  (36, (SELECT nominal FROM tagihan WHERE id_tagihan = 36), 'lunas'::status_transaksi),
  (37, (SELECT nominal FROM tagihan WHERE id_tagihan = 37), 'lunas'::status_transaksi),
  (38, (SELECT nominal FROM tagihan WHERE id_tagihan = 38), 'lunas'::status_transaksi),
  (39, (SELECT nominal FROM tagihan WHERE id_tagihan = 39), 'lunas'::status_transaksi),
  (40, (SELECT nominal FROM tagihan WHERE id_tagihan = 40), 'lunas'::status_transaksi),
  (41, (SELECT nominal FROM tagihan WHERE id_tagihan = 41), 'lunas'::status_transaksi),
  (42, (SELECT nominal FROM tagihan WHERE id_tagihan = 42), 'lunas'::status_transaksi),
  (43, (SELECT nominal FROM tagihan WHERE id_tagihan = 43), 'lunas'::status_transaksi),
  (44, (SELECT nominal FROM tagihan WHERE id_tagihan = 44), 'lunas'::status_transaksi),
  (45, (SELECT nominal FROM tagihan WHERE id_tagihan = 45), 'lunas'::status_transaksi),
  (46, (SELECT nominal FROM tagihan WHERE id_tagihan = 46), 'lunas'::status_transaksi),
  (47, (SELECT nominal FROM tagihan WHERE id_tagihan = 47), 'lunas'::status_transaksi),
  (48, (SELECT nominal FROM tagihan WHERE id_tagihan = 48), 'lunas'::status_transaksi),
  (49, (SELECT nominal FROM tagihan WHERE id_tagihan = 49), 'lunas'::status_transaksi),
  (50, (SELECT nominal FROM tagihan WHERE id_tagihan = 50), 'lunas'::status_transaksi),
  (51, (SELECT nominal FROM tagihan WHERE id_tagihan = 51), 'lunas'::status_transaksi),
  (52, (SELECT nominal FROM tagihan WHERE id_tagihan = 52), 'lunas'::status_transaksi),
  (53, (SELECT nominal FROM tagihan WHERE id_tagihan = 53), 'lunas'::status_transaksi),
  (54, (SELECT nominal FROM tagihan WHERE id_tagihan = 54), 'lunas'::status_transaksi),
  (55, (SELECT nominal FROM tagihan WHERE id_tagihan = 55), 'lunas'::status_transaksi),
  (56, (SELECT nominal FROM tagihan WHERE id_tagihan = 56), 'lunas'::status_transaksi),
  (57, (SELECT nominal FROM tagihan WHERE id_tagihan = 57), 'lunas'::status_transaksi),
  (58, (SELECT nominal FROM tagihan WHERE id_tagihan = 58), 'lunas'::status_transaksi),
  (59, (SELECT nominal FROM tagihan WHERE id_tagihan = 59), 'lunas'::status_transaksi),
  (60, (SELECT nominal FROM tagihan WHERE id_tagihan = 60), 'lunas'::status_transaksi),
  (61, (SELECT nominal FROM tagihan WHERE id_tagihan = 61), 'lunas'::status_transaksi),
  (62, (SELECT nominal FROM tagihan WHERE id_tagihan = 62), 'lunas'::status_transaksi),
  (63, (SELECT nominal FROM tagihan WHERE id_tagihan = 63), 'lunas'::status_transaksi),
  (64, (SELECT nominal FROM tagihan WHERE id_tagihan = 64), 'lunas'::status_transaksi),
  (65, (SELECT nominal FROM tagihan WHERE id_tagihan = 65), 'lunas'::status_transaksi),
  (66, (SELECT nominal FROM tagihan WHERE id_tagihan = 66), 'lunas'::status_transaksi),
  (67, (SELECT nominal FROM tagihan WHERE id_tagihan = 67), 'lunas'::status_transaksi),
  (68, (SELECT nominal FROM tagihan WHERE id_tagihan = 68), 'lunas'::status_transaksi),
  (69, (SELECT nominal FROM tagihan WHERE id_tagihan = 69), 'lunas'::status_transaksi),
  (70, (SELECT nominal FROM tagihan WHERE id_tagihan = 70), 'lunas'::status_transaksi),
  (71, (SELECT nominal FROM tagihan WHERE id_tagihan = 71), 'lunas'::status_transaksi),
  (72, (SELECT nominal FROM tagihan WHERE id_tagihan = 72), 'lunas'::status_transaksi),
  (73, (SELECT nominal FROM tagihan WHERE id_tagihan = 73), 'lunas'::status_transaksi),
  (74, (SELECT nominal FROM tagihan WHERE id_tagihan = 74), 'lunas'::status_transaksi),
  (75, (SELECT nominal FROM tagihan WHERE id_tagihan = 75), 'lunas'::status_transaksi),
  (76, (SELECT nominal FROM tagihan WHERE id_tagihan = 76), 'lunas'::status_transaksi),
  (77, (SELECT nominal FROM tagihan WHERE id_tagihan = 77), 'lunas'::status_transaksi),
  (78, (SELECT nominal FROM tagihan WHERE id_tagihan = 78), 'lunas'::status_transaksi),
  (79, (SELECT nominal FROM tagihan WHERE id_tagihan = 79), 'lunas'::status_transaksi),
  (80, (SELECT nominal FROM tagihan WHERE id_tagihan = 80), 'lunas'::status_transaksi),
  (81, (SELECT nominal FROM tagihan WHERE id_tagihan = 81), 'lunas'::status_transaksi),
  (82, (SELECT nominal FROM tagihan WHERE id_tagihan = 82), 'lunas'::status_transaksi),
  (83, (SELECT nominal FROM tagihan WHERE id_tagihan = 83), 'lunas'::status_transaksi),
  (84, (SELECT nominal FROM tagihan WHERE id_tagihan = 84), 'lunas'::status_transaksi),
  (85, (SELECT nominal FROM tagihan WHERE id_tagihan = 85), 'lunas'::status_transaksi),
  (86, (SELECT nominal FROM tagihan WHERE id_tagihan = 86), 'lunas'::status_transaksi),
  (87, (SELECT nominal FROM tagihan WHERE id_tagihan = 87), 'lunas'::status_transaksi),
  (88, (SELECT nominal FROM tagihan WHERE id_tagihan = 88), 'lunas'::status_transaksi),
  (89, (SELECT nominal FROM tagihan WHERE id_tagihan = 89), 'lunas'::status_transaksi),
  (90, (SELECT nominal FROM tagihan WHERE id_tagihan = 90), 'lunas'::status_transaksi),
  (91, (SELECT nominal FROM tagihan WHERE id_tagihan = 91), 'lunas'::status_transaksi),
  (92, (SELECT nominal FROM tagihan WHERE id_tagihan = 92), 'lunas'::status_transaksi),
  (93, (SELECT nominal FROM tagihan WHERE id_tagihan = 93), 'lunas'::status_transaksi),
  (94, (SELECT nominal FROM tagihan WHERE id_tagihan = 94), 'lunas'::status_transaksi),
  (95, (SELECT nominal FROM tagihan WHERE id_tagihan = 95), 'lunas'::status_transaksi),
  (96, (SELECT nominal FROM tagihan WHERE id_tagihan = 96), 'lunas'::status_transaksi),
  (97, (SELECT nominal FROM tagihan WHERE id_tagihan = 97), 'lunas'::status_transaksi),
  (98, (SELECT nominal FROM tagihan WHERE id_tagihan = 98), 'lunas'::status_transaksi),
  (99, (SELECT nominal FROM tagihan WHERE id_tagihan = 99), 'lunas'::status_transaksi),
  (100, (SELECT nominal FROM tagihan WHERE id_tagihan = 100), 'lunas'::status_transaksi),
  (101, (SELECT nominal FROM tagihan WHERE id_tagihan = 101), 'lunas'::status_transaksi),
  (102, (SELECT nominal FROM tagihan WHERE id_tagihan = 102), 'lunas'::status_transaksi),
  (103, (SELECT nominal FROM tagihan WHERE id_tagihan = 103), 'lunas'::status_transaksi),
  (104, (SELECT nominal FROM tagihan WHERE id_tagihan = 104), 'lunas'::status_transaksi),
  (105, (SELECT nominal FROM tagihan WHERE id_tagihan = 105), 'lunas'::status_transaksi),
  (106, (SELECT nominal FROM tagihan WHERE id_tagihan = 106), 'lunas'::status_transaksi),
  (107, (SELECT nominal FROM tagihan WHERE id_tagihan = 107), 'lunas'::status_transaksi),
  (108, (SELECT nominal FROM tagihan WHERE id_tagihan = 108), 'lunas'::status_transaksi),
  (109, (SELECT nominal FROM tagihan WHERE id_tagihan = 109), 'lunas'::status_transaksi),
  (110, (SELECT nominal FROM tagihan WHERE id_tagihan = 110), 'lunas'::status_transaksi),
  (111, (SELECT nominal FROM tagihan WHERE id_tagihan = 111), 'lunas'::status_transaksi);

-- --- 18. TABLE: LOG_AKTIVITAS (100 Rows) ---
INSERT INTO log_aktivitas (id_user, ip_address, aktivitas) VALUES
  (111, '127.0.0.1', 'Mengisi KRS dan mendaftarkan pertemuan mata kuliah'),
  (112, '127.0.0.1', 'Mengisi KRS dan mendaftarkan pertemuan mata kuliah'),
  (113, '127.0.0.1', 'Mengisi KRS dan mendaftarkan pertemuan mata kuliah'),
  (114, '127.0.0.1', 'Mengisi KRS dan mendaftarkan pertemuan mata kuliah'),
  (115, '127.0.0.1', 'Mengisi KRS dan mendaftarkan pertemuan mata kuliah'),
  (116, '127.0.0.1', 'Mengisi KRS dan mendaftarkan pertemuan mata kuliah'),
  (117, '127.0.0.1', 'Mengisi KRS dan mendaftarkan pertemuan mata kuliah'),
  (118, '127.0.0.1', 'Mengisi KRS dan mendaftarkan pertemuan mata kuliah'),
  (119, '127.0.0.1', 'Mengisi KRS dan mendaftarkan pertemuan mata kuliah'),
  (120, '127.0.0.1', 'Mengisi KRS dan mendaftarkan pertemuan mata kuliah'),
  (121, '127.0.0.1', 'Mengisi KRS dan mendaftarkan pertemuan mata kuliah'),
  (122, '127.0.0.1', 'Mengisi KRS dan mendaftarkan pertemuan mata kuliah'),
  (123, '127.0.0.1', 'Mengisi KRS dan mendaftarkan pertemuan mata kuliah'),
  (124, '127.0.0.1', 'Mengisi KRS dan mendaftarkan pertemuan mata kuliah'),
  (125, '127.0.0.1', 'Mengisi KRS dan mendaftarkan pertemuan mata kuliah'),
  (126, '127.0.0.1', 'Mengisi KRS dan mendaftarkan pertemuan mata kuliah'),
  (127, '127.0.0.1', 'Mengisi KRS dan mendaftarkan pertemuan mata kuliah'),
  (128, '127.0.0.1', 'Mengisi KRS dan mendaftarkan pertemuan mata kuliah'),
  (129, '127.0.0.1', 'Mengisi KRS dan mendaftarkan pertemuan mata kuliah'),
  (130, '127.0.0.1', 'Mengisi KRS dan mendaftarkan pertemuan mata kuliah'),
  (131, '127.0.0.1', 'Mengisi KRS dan mendaftarkan pertemuan mata kuliah'),
  (132, '127.0.0.1', 'Mengisi KRS dan mendaftarkan pertemuan mata kuliah'),
  (133, '127.0.0.1', 'Mengisi KRS dan mendaftarkan pertemuan mata kuliah'),
  (134, '127.0.0.1', 'Mengisi KRS dan mendaftarkan pertemuan mata kuliah'),
  (135, '127.0.0.1', 'Mengisi KRS dan mendaftarkan pertemuan mata kuliah'),
  (136, '127.0.0.1', 'Mengisi KRS dan mendaftarkan pertemuan mata kuliah'),
  (137, '127.0.0.1', 'Mengisi KRS dan mendaftarkan pertemuan mata kuliah'),
  (138, '127.0.0.1', 'Mengisi KRS dan mendaftarkan pertemuan mata kuliah'),
  (139, '127.0.0.1', 'Mengisi KRS dan mendaftarkan pertemuan mata kuliah'),
  (140, '127.0.0.1', 'Mengisi KRS dan mendaftarkan pertemuan mata kuliah'),
  (141, '127.0.0.1', 'Mengisi KRS dan mendaftarkan pertemuan mata kuliah'),
  (142, '127.0.0.1', 'Mengisi KRS dan mendaftarkan pertemuan mata kuliah'),
  (143, '127.0.0.1', 'Mengisi KRS dan mendaftarkan pertemuan mata kuliah'),
  (144, '127.0.0.1', 'Mengisi KRS dan mendaftarkan pertemuan mata kuliah'),
  (145, '127.0.0.1', 'Mengisi KRS dan mendaftarkan pertemuan mata kuliah'),
  (146, '127.0.0.1', 'Mengisi KRS dan mendaftarkan pertemuan mata kuliah'),
  (147, '127.0.0.1', 'Mengisi KRS dan mendaftarkan pertemuan mata kuliah'),
  (148, '127.0.0.1', 'Mengisi KRS dan mendaftarkan pertemuan mata kuliah'),
  (149, '127.0.0.1', 'Mengisi KRS dan mendaftarkan pertemuan mata kuliah'),
  (150, '127.0.0.1', 'Mengisi KRS dan mendaftarkan pertemuan mata kuliah'),
  (151, '127.0.0.1', 'Mengisi KRS dan mendaftarkan pertemuan mata kuliah'),
  (152, '127.0.0.1', 'Mengisi KRS dan mendaftarkan pertemuan mata kuliah'),
  (153, '127.0.0.1', 'Mengisi KRS dan mendaftarkan pertemuan mata kuliah'),
  (154, '127.0.0.1', 'Mengisi KRS dan mendaftarkan pertemuan mata kuliah'),
  (155, '127.0.0.1', 'Mengisi KRS dan mendaftarkan pertemuan mata kuliah'),
  (156, '127.0.0.1', 'Mengisi KRS dan mendaftarkan pertemuan mata kuliah'),
  (157, '127.0.0.1', 'Mengisi KRS dan mendaftarkan pertemuan mata kuliah'),
  (158, '127.0.0.1', 'Mengisi KRS dan mendaftarkan pertemuan mata kuliah'),
  (159, '127.0.0.1', 'Mengisi KRS dan mendaftarkan pertemuan mata kuliah'),
  (160, '127.0.0.1', 'Mengisi KRS dan mendaftarkan pertemuan mata kuliah'),
  (161, '127.0.0.1', 'Mengisi KRS dan mendaftarkan pertemuan mata kuliah'),
  (162, '127.0.0.1', 'Mengisi KRS dan mendaftarkan pertemuan mata kuliah'),
  (163, '127.0.0.1', 'Mengisi KRS dan mendaftarkan pertemuan mata kuliah'),
  (164, '127.0.0.1', 'Mengisi KRS dan mendaftarkan pertemuan mata kuliah'),
  (165, '127.0.0.1', 'Mengisi KRS dan mendaftarkan pertemuan mata kuliah'),
  (166, '127.0.0.1', 'Mengisi KRS dan mendaftarkan pertemuan mata kuliah'),
  (167, '127.0.0.1', 'Mengisi KRS dan mendaftarkan pertemuan mata kuliah'),
  (168, '127.0.0.1', 'Mengisi KRS dan mendaftarkan pertemuan mata kuliah'),
  (169, '127.0.0.1', 'Mengisi KRS dan mendaftarkan pertemuan mata kuliah'),
  (170, '127.0.0.1', 'Mengisi KRS dan mendaftarkan pertemuan mata kuliah'),
  (171, '127.0.0.1', 'Mengisi KRS dan mendaftarkan pertemuan mata kuliah'),
  (172, '127.0.0.1', 'Mengisi KRS dan mendaftarkan pertemuan mata kuliah'),
  (173, '127.0.0.1', 'Mengisi KRS dan mendaftarkan pertemuan mata kuliah'),
  (174, '127.0.0.1', 'Mengisi KRS dan mendaftarkan pertemuan mata kuliah'),
  (175, '127.0.0.1', 'Mengisi KRS dan mendaftarkan pertemuan mata kuliah'),
  (176, '127.0.0.1', 'Mengisi KRS dan mendaftarkan pertemuan mata kuliah'),
  (177, '127.0.0.1', 'Mengisi KRS dan mendaftarkan pertemuan mata kuliah'),
  (178, '127.0.0.1', 'Mengisi KRS dan mendaftarkan pertemuan mata kuliah'),
  (179, '127.0.0.1', 'Mengisi KRS dan mendaftarkan pertemuan mata kuliah'),
  (180, '127.0.0.1', 'Mengisi KRS dan mendaftarkan pertemuan mata kuliah'),
  (181, '127.0.0.1', 'Mengisi KRS dan mendaftarkan pertemuan mata kuliah'),
  (182, '127.0.0.1', 'Mengisi KRS dan mendaftarkan pertemuan mata kuliah'),
  (183, '127.0.0.1', 'Mengisi KRS dan mendaftarkan pertemuan mata kuliah'),
  (184, '127.0.0.1', 'Mengisi KRS dan mendaftarkan pertemuan mata kuliah'),
  (185, '127.0.0.1', 'Mengisi KRS dan mendaftarkan pertemuan mata kuliah'),
  (186, '127.0.0.1', 'Mengisi KRS dan mendaftarkan pertemuan mata kuliah'),
  (187, '127.0.0.1', 'Mengisi KRS dan mendaftarkan pertemuan mata kuliah'),
  (188, '127.0.0.1', 'Mengisi KRS dan mendaftarkan pertemuan mata kuliah'),
  (189, '127.0.0.1', 'Mengisi KRS dan mendaftarkan pertemuan mata kuliah'),
  (190, '127.0.0.1', 'Mengisi KRS dan mendaftarkan pertemuan mata kuliah'),
  (191, '127.0.0.1', 'Mengisi KRS dan mendaftarkan pertemuan mata kuliah'),
  (192, '127.0.0.1', 'Mengisi KRS dan mendaftarkan pertemuan mata kuliah'),
  (193, '127.0.0.1', 'Mengisi KRS dan mendaftarkan pertemuan mata kuliah'),
  (194, '127.0.0.1', 'Mengisi KRS dan mendaftarkan pertemuan mata kuliah'),
  (195, '127.0.0.1', 'Mengisi KRS dan mendaftarkan pertemuan mata kuliah'),
  (196, '127.0.0.1', 'Mengisi KRS dan mendaftarkan pertemuan mata kuliah'),
  (197, '127.0.0.1', 'Mengisi KRS dan mendaftarkan pertemuan mata kuliah'),
  (198, '127.0.0.1', 'Mengisi KRS dan mendaftarkan pertemuan mata kuliah'),
  (199, '127.0.0.1', 'Mengisi KRS dan mendaftarkan pertemuan mata kuliah'),
  (200, '127.0.0.1', 'Mengisi KRS dan mendaftarkan pertemuan mata kuliah'),
  (201, '127.0.0.1', 'Mengisi KRS dan mendaftarkan pertemuan mata kuliah'),
  (202, '127.0.0.1', 'Mengisi KRS dan mendaftarkan pertemuan mata kuliah'),
  (203, '127.0.0.1', 'Mengisi KRS dan mendaftarkan pertemuan mata kuliah'),
  (204, '127.0.0.1', 'Mengisi KRS dan mendaftarkan pertemuan mata kuliah'),
  (205, '127.0.0.1', 'Mengisi KRS dan mendaftarkan pertemuan mata kuliah'),
  (206, '127.0.0.1', 'Mengisi KRS dan mendaftarkan pertemuan mata kuliah'),
  (207, '127.0.0.1', 'Mengisi KRS dan mendaftarkan pertemuan mata kuliah'),
  (208, '127.0.0.1', 'Mengisi KRS dan mendaftarkan pertemuan mata kuliah'),
  (209, '127.0.0.1', 'Mengisi KRS dan mendaftarkan pertemuan mata kuliah'),
  (210, '127.0.0.1', 'Mengisi KRS dan mendaftarkan pertemuan mata kuliah');

-- --- 19. TABLE: PENGUMUMAN (100 Rows) ---
INSERT INTO pengumuman (id_user, isi_pengumuman, target) VALUES
  (1, 'Informasi akademik dan registrasi semester baru nomor 1', 'personal'::target_pengumuman),
  (1, 'Informasi akademik dan registrasi semester baru nomor 2', 'global'::target_pengumuman),
  (1, 'Informasi akademik dan registrasi semester baru nomor 3', 'prodi'::target_pengumuman),
  (1, 'Informasi akademik dan registrasi semester baru nomor 4', 'personal'::target_pengumuman),
  (1, 'Informasi akademik dan registrasi semester baru nomor 5', 'prodi'::target_pengumuman),
  (1, 'Informasi akademik dan registrasi semester baru nomor 6', 'global'::target_pengumuman),
  (1, 'Informasi akademik dan registrasi semester baru nomor 7', 'global'::target_pengumuman),
  (1, 'Informasi akademik dan registrasi semester baru nomor 8', 'global'::target_pengumuman),
  (1, 'Informasi akademik dan registrasi semester baru nomor 9', 'global'::target_pengumuman),
  (1, 'Informasi akademik dan registrasi semester baru nomor 10', 'personal'::target_pengumuman),
  (1, 'Informasi akademik dan registrasi semester baru nomor 11', 'personal'::target_pengumuman),
  (1, 'Informasi akademik dan registrasi semester baru nomor 12', 'global'::target_pengumuman),
  (1, 'Informasi akademik dan registrasi semester baru nomor 13', 'global'::target_pengumuman),
  (1, 'Informasi akademik dan registrasi semester baru nomor 14', 'global'::target_pengumuman),
  (1, 'Informasi akademik dan registrasi semester baru nomor 15', 'prodi'::target_pengumuman),
  (1, 'Informasi akademik dan registrasi semester baru nomor 16', 'personal'::target_pengumuman),
  (1, 'Informasi akademik dan registrasi semester baru nomor 17', 'global'::target_pengumuman),
  (1, 'Informasi akademik dan registrasi semester baru nomor 18', 'personal'::target_pengumuman),
  (1, 'Informasi akademik dan registrasi semester baru nomor 19', 'global'::target_pengumuman),
  (1, 'Informasi akademik dan registrasi semester baru nomor 20', 'global'::target_pengumuman),
  (1, 'Informasi akademik dan registrasi semester baru nomor 21', 'prodi'::target_pengumuman),
  (1, 'Informasi akademik dan registrasi semester baru nomor 22', 'prodi'::target_pengumuman),
  (1, 'Informasi akademik dan registrasi semester baru nomor 23', 'global'::target_pengumuman),
  (1, 'Informasi akademik dan registrasi semester baru nomor 24', 'personal'::target_pengumuman),
  (1, 'Informasi akademik dan registrasi semester baru nomor 25', 'global'::target_pengumuman),
  (1, 'Informasi akademik dan registrasi semester baru nomor 26', 'prodi'::target_pengumuman),
  (1, 'Informasi akademik dan registrasi semester baru nomor 27', 'prodi'::target_pengumuman),
  (1, 'Informasi akademik dan registrasi semester baru nomor 28', 'prodi'::target_pengumuman),
  (1, 'Informasi akademik dan registrasi semester baru nomor 29', 'personal'::target_pengumuman),
  (1, 'Informasi akademik dan registrasi semester baru nomor 30', 'prodi'::target_pengumuman),
  (1, 'Informasi akademik dan registrasi semester baru nomor 31', 'global'::target_pengumuman),
  (1, 'Informasi akademik dan registrasi semester baru nomor 32', 'personal'::target_pengumuman),
  (1, 'Informasi akademik dan registrasi semester baru nomor 33', 'personal'::target_pengumuman),
  (1, 'Informasi akademik dan registrasi semester baru nomor 34', 'prodi'::target_pengumuman),
  (1, 'Informasi akademik dan registrasi semester baru nomor 35', 'prodi'::target_pengumuman),
  (1, 'Informasi akademik dan registrasi semester baru nomor 36', 'global'::target_pengumuman),
  (1, 'Informasi akademik dan registrasi semester baru nomor 37', 'global'::target_pengumuman),
  (1, 'Informasi akademik dan registrasi semester baru nomor 38', 'global'::target_pengumuman),
  (1, 'Informasi akademik dan registrasi semester baru nomor 39', 'prodi'::target_pengumuman),
  (1, 'Informasi akademik dan registrasi semester baru nomor 40', 'personal'::target_pengumuman),
  (1, 'Informasi akademik dan registrasi semester baru nomor 41', 'prodi'::target_pengumuman),
  (1, 'Informasi akademik dan registrasi semester baru nomor 42', 'global'::target_pengumuman),
  (1, 'Informasi akademik dan registrasi semester baru nomor 43', 'personal'::target_pengumuman),
  (1, 'Informasi akademik dan registrasi semester baru nomor 44', 'prodi'::target_pengumuman),
  (1, 'Informasi akademik dan registrasi semester baru nomor 45', 'global'::target_pengumuman),
  (1, 'Informasi akademik dan registrasi semester baru nomor 46', 'global'::target_pengumuman),
  (1, 'Informasi akademik dan registrasi semester baru nomor 47', 'personal'::target_pengumuman),
  (1, 'Informasi akademik dan registrasi semester baru nomor 48', 'global'::target_pengumuman),
  (1, 'Informasi akademik dan registrasi semester baru nomor 49', 'global'::target_pengumuman),
  (1, 'Informasi akademik dan registrasi semester baru nomor 50', 'global'::target_pengumuman),
  (1, 'Informasi akademik dan registrasi semester baru nomor 51', 'global'::target_pengumuman),
  (1, 'Informasi akademik dan registrasi semester baru nomor 52', 'prodi'::target_pengumuman),
  (1, 'Informasi akademik dan registrasi semester baru nomor 53', 'personal'::target_pengumuman),
  (1, 'Informasi akademik dan registrasi semester baru nomor 54', 'global'::target_pengumuman),
  (1, 'Informasi akademik dan registrasi semester baru nomor 55', 'prodi'::target_pengumuman),
  (1, 'Informasi akademik dan registrasi semester baru nomor 56', 'global'::target_pengumuman),
  (1, 'Informasi akademik dan registrasi semester baru nomor 57', 'personal'::target_pengumuman),
  (1, 'Informasi akademik dan registrasi semester baru nomor 58', 'personal'::target_pengumuman),
  (1, 'Informasi akademik dan registrasi semester baru nomor 59', 'prodi'::target_pengumuman),
  (1, 'Informasi akademik dan registrasi semester baru nomor 60', 'prodi'::target_pengumuman),
  (1, 'Informasi akademik dan registrasi semester baru nomor 61', 'personal'::target_pengumuman),
  (1, 'Informasi akademik dan registrasi semester baru nomor 62', 'personal'::target_pengumuman),
  (1, 'Informasi akademik dan registrasi semester baru nomor 63', 'global'::target_pengumuman),
  (1, 'Informasi akademik dan registrasi semester baru nomor 64', 'global'::target_pengumuman),
  (1, 'Informasi akademik dan registrasi semester baru nomor 65', 'personal'::target_pengumuman),
  (1, 'Informasi akademik dan registrasi semester baru nomor 66', 'prodi'::target_pengumuman),
  (1, 'Informasi akademik dan registrasi semester baru nomor 67', 'prodi'::target_pengumuman),
  (1, 'Informasi akademik dan registrasi semester baru nomor 68', 'personal'::target_pengumuman),
  (1, 'Informasi akademik dan registrasi semester baru nomor 69', 'global'::target_pengumuman),
  (1, 'Informasi akademik dan registrasi semester baru nomor 70', 'global'::target_pengumuman),
  (1, 'Informasi akademik dan registrasi semester baru nomor 71', 'global'::target_pengumuman),
  (1, 'Informasi akademik dan registrasi semester baru nomor 72', 'prodi'::target_pengumuman),
  (1, 'Informasi akademik dan registrasi semester baru nomor 73', 'personal'::target_pengumuman),
  (1, 'Informasi akademik dan registrasi semester baru nomor 74', 'prodi'::target_pengumuman),
  (1, 'Informasi akademik dan registrasi semester baru nomor 75', 'global'::target_pengumuman),
  (1, 'Informasi akademik dan registrasi semester baru nomor 76', 'prodi'::target_pengumuman),
  (1, 'Informasi akademik dan registrasi semester baru nomor 77', 'global'::target_pengumuman),
  (1, 'Informasi akademik dan registrasi semester baru nomor 78', 'prodi'::target_pengumuman),
  (1, 'Informasi akademik dan registrasi semester baru nomor 79', 'global'::target_pengumuman),
  (1, 'Informasi akademik dan registrasi semester baru nomor 80', 'prodi'::target_pengumuman),
  (1, 'Informasi akademik dan registrasi semester baru nomor 81', 'global'::target_pengumuman),
  (1, 'Informasi akademik dan registrasi semester baru nomor 82', 'global'::target_pengumuman),
  (1, 'Informasi akademik dan registrasi semester baru nomor 83', 'prodi'::target_pengumuman),
  (1, 'Informasi akademik dan registrasi semester baru nomor 84', 'global'::target_pengumuman),
  (1, 'Informasi akademik dan registrasi semester baru nomor 85', 'personal'::target_pengumuman),
  (1, 'Informasi akademik dan registrasi semester baru nomor 86', 'personal'::target_pengumuman),
  (1, 'Informasi akademik dan registrasi semester baru nomor 87', 'global'::target_pengumuman),
  (1, 'Informasi akademik dan registrasi semester baru nomor 88', 'personal'::target_pengumuman),
  (1, 'Informasi akademik dan registrasi semester baru nomor 89', 'prodi'::target_pengumuman),
  (1, 'Informasi akademik dan registrasi semester baru nomor 90', 'prodi'::target_pengumuman),
  (1, 'Informasi akademik dan registrasi semester baru nomor 91', 'global'::target_pengumuman),
  (1, 'Informasi akademik dan registrasi semester baru nomor 92', 'personal'::target_pengumuman),
  (1, 'Informasi akademik dan registrasi semester baru nomor 93', 'personal'::target_pengumuman),
  (1, 'Informasi akademik dan registrasi semester baru nomor 94', 'global'::target_pengumuman),
  (1, 'Informasi akademik dan registrasi semester baru nomor 95', 'global'::target_pengumuman),
  (1, 'Informasi akademik dan registrasi semester baru nomor 96', 'global'::target_pengumuman),
  (1, 'Informasi akademik dan registrasi semester baru nomor 97', 'personal'::target_pengumuman),
  (1, 'Informasi akademik dan registrasi semester baru nomor 98', 'global'::target_pengumuman),
  (1, 'Informasi akademik dan registrasi semester baru nomor 99', 'prodi'::target_pengumuman),
  (1, 'Informasi akademik dan registrasi semester baru nomor 100', 'global'::target_pengumuman);

-- --- 20. TABLE: KALENDER_AKADEMIK (100 Rows) ---
INSERT INTO kalender_akademik (id_tahun_ajaran, nama_kegiatan, tanggal_mulai, tanggal_selesai) VALUES
  (2, 'Kegiatan Akademik 1', '2025-08-02', '2025-08-02'),
  (2, 'Kegiatan Akademik 2', '2025-08-03', '2025-08-03'),
  (2, 'Kegiatan Akademik 3', '2025-08-04', '2025-08-04'),
  (2, 'Kegiatan Akademik 4', '2025-08-05', '2025-08-05'),
  (2, 'Kegiatan Akademik 5', '2025-08-06', '2025-08-06'),
  (2, 'Kegiatan Akademik 6', '2025-08-07', '2025-08-07'),
  (2, 'Kegiatan Akademik 7', '2025-08-08', '2025-08-08'),
  (2, 'Kegiatan Akademik 8', '2025-08-09', '2025-08-09'),
  (2, 'Kegiatan Akademik 9', '2025-08-10', '2025-08-10'),
  (2, 'Kegiatan Akademik 10', '2025-08-11', '2025-08-11'),
  (2, 'Kegiatan Akademik 11', '2025-08-12', '2025-08-12'),
  (2, 'Kegiatan Akademik 12', '2025-08-13', '2025-08-13'),
  (2, 'Kegiatan Akademik 13', '2025-08-14', '2025-08-14'),
  (2, 'Kegiatan Akademik 14', '2025-08-15', '2025-08-15'),
  (2, 'Kegiatan Akademik 15', '2025-08-16', '2025-08-16'),
  (2, 'Kegiatan Akademik 16', '2025-08-17', '2025-08-17'),
  (2, 'Kegiatan Akademik 17', '2025-08-18', '2025-08-18'),
  (2, 'Kegiatan Akademik 18', '2025-08-19', '2025-08-19'),
  (2, 'Kegiatan Akademik 19', '2025-08-20', '2025-08-20'),
  (2, 'Kegiatan Akademik 20', '2025-08-21', '2025-08-21'),
  (2, 'Kegiatan Akademik 21', '2025-08-22', '2025-08-22'),
  (2, 'Kegiatan Akademik 22', '2025-08-23', '2025-08-23'),
  (2, 'Kegiatan Akademik 23', '2025-08-24', '2025-08-24'),
  (2, 'Kegiatan Akademik 24', '2025-08-25', '2025-08-25'),
  (2, 'Kegiatan Akademik 25', '2025-08-26', '2025-08-26'),
  (2, 'Kegiatan Akademik 26', '2025-08-27', '2025-08-27'),
  (2, 'Kegiatan Akademik 27', '2025-08-28', '2025-08-28'),
  (2, 'Kegiatan Akademik 28', '2025-08-01', '2025-08-01'),
  (2, 'Kegiatan Akademik 29', '2025-08-02', '2025-08-02'),
  (2, 'Kegiatan Akademik 30', '2025-08-03', '2025-08-03'),
  (2, 'Kegiatan Akademik 31', '2025-08-04', '2025-08-04'),
  (2, 'Kegiatan Akademik 32', '2025-08-05', '2025-08-05'),
  (2, 'Kegiatan Akademik 33', '2025-08-06', '2025-08-06'),
  (2, 'Kegiatan Akademik 34', '2025-08-07', '2025-08-07'),
  (2, 'Kegiatan Akademik 35', '2025-08-08', '2025-08-08'),
  (2, 'Kegiatan Akademik 36', '2025-08-09', '2025-08-09'),
  (2, 'Kegiatan Akademik 37', '2025-08-10', '2025-08-10'),
  (2, 'Kegiatan Akademik 38', '2025-08-11', '2025-08-11'),
  (2, 'Kegiatan Akademik 39', '2025-08-12', '2025-08-12'),
  (2, 'Kegiatan Akademik 40', '2025-08-13', '2025-08-13'),
  (2, 'Kegiatan Akademik 41', '2025-08-14', '2025-08-14'),
  (2, 'Kegiatan Akademik 42', '2025-08-15', '2025-08-15'),
  (2, 'Kegiatan Akademik 43', '2025-08-16', '2025-08-16'),
  (2, 'Kegiatan Akademik 44', '2025-08-17', '2025-08-17'),
  (2, 'Kegiatan Akademik 45', '2025-08-18', '2025-08-18'),
  (2, 'Kegiatan Akademik 46', '2025-08-19', '2025-08-19'),
  (2, 'Kegiatan Akademik 47', '2025-08-20', '2025-08-20'),
  (2, 'Kegiatan Akademik 48', '2025-08-21', '2025-08-21'),
  (2, 'Kegiatan Akademik 49', '2025-08-22', '2025-08-22'),
  (2, 'Kegiatan Akademik 50', '2025-08-23', '2025-08-23'),
  (2, 'Kegiatan Akademik 51', '2025-08-24', '2025-08-24'),
  (2, 'Kegiatan Akademik 52', '2025-08-25', '2025-08-25'),
  (2, 'Kegiatan Akademik 53', '2025-08-26', '2025-08-26'),
  (2, 'Kegiatan Akademik 54', '2025-08-27', '2025-08-27'),
  (2, 'Kegiatan Akademik 55', '2025-08-28', '2025-08-28'),
  (2, 'Kegiatan Akademik 56', '2025-08-01', '2025-08-01'),
  (2, 'Kegiatan Akademik 57', '2025-08-02', '2025-08-02'),
  (2, 'Kegiatan Akademik 58', '2025-08-03', '2025-08-03'),
  (2, 'Kegiatan Akademik 59', '2025-08-04', '2025-08-04'),
  (2, 'Kegiatan Akademik 60', '2025-08-05', '2025-08-05'),
  (2, 'Kegiatan Akademik 61', '2025-08-06', '2025-08-06'),
  (2, 'Kegiatan Akademik 62', '2025-08-07', '2025-08-07'),
  (2, 'Kegiatan Akademik 63', '2025-08-08', '2025-08-08'),
  (2, 'Kegiatan Akademik 64', '2025-08-09', '2025-08-09'),
  (2, 'Kegiatan Akademik 65', '2025-08-10', '2025-08-10'),
  (2, 'Kegiatan Akademik 66', '2025-08-11', '2025-08-11'),
  (2, 'Kegiatan Akademik 67', '2025-08-12', '2025-08-12'),
  (2, 'Kegiatan Akademik 68', '2025-08-13', '2025-08-13'),
  (2, 'Kegiatan Akademik 69', '2025-08-14', '2025-08-14'),
  (2, 'Kegiatan Akademik 70', '2025-08-15', '2025-08-15'),
  (2, 'Kegiatan Akademik 71', '2025-08-16', '2025-08-16'),
  (2, 'Kegiatan Akademik 72', '2025-08-17', '2025-08-17'),
  (2, 'Kegiatan Akademik 73', '2025-08-18', '2025-08-18'),
  (2, 'Kegiatan Akademik 74', '2025-08-19', '2025-08-19'),
  (2, 'Kegiatan Akademik 75', '2025-08-20', '2025-08-20'),
  (2, 'Kegiatan Akademik 76', '2025-08-21', '2025-08-21'),
  (2, 'Kegiatan Akademik 77', '2025-08-22', '2025-08-22'),
  (2, 'Kegiatan Akademik 78', '2025-08-23', '2025-08-23'),
  (2, 'Kegiatan Akademik 79', '2025-08-24', '2025-08-24'),
  (2, 'Kegiatan Akademik 80', '2025-08-25', '2025-08-25'),
  (2, 'Kegiatan Akademik 81', '2025-08-26', '2025-08-26'),
  (2, 'Kegiatan Akademik 82', '2025-08-27', '2025-08-27'),
  (2, 'Kegiatan Akademik 83', '2025-08-28', '2025-08-28'),
  (2, 'Kegiatan Akademik 84', '2025-08-01', '2025-08-01'),
  (2, 'Kegiatan Akademik 85', '2025-08-02', '2025-08-02'),
  (2, 'Kegiatan Akademik 86', '2025-08-03', '2025-08-03'),
  (2, 'Kegiatan Akademik 87', '2025-08-04', '2025-08-04'),
  (2, 'Kegiatan Akademik 88', '2025-08-05', '2025-08-05'),
  (2, 'Kegiatan Akademik 89', '2025-08-06', '2025-08-06'),
  (2, 'Kegiatan Akademik 90', '2025-08-07', '2025-08-07'),
  (2, 'Kegiatan Akademik 91', '2025-08-08', '2025-08-08'),
  (2, 'Kegiatan Akademik 92', '2025-08-09', '2025-08-09'),
  (2, 'Kegiatan Akademik 93', '2025-08-10', '2025-08-10'),
  (2, 'Kegiatan Akademik 94', '2025-08-11', '2025-08-11'),
  (2, 'Kegiatan Akademik 95', '2025-08-12', '2025-08-12'),
  (2, 'Kegiatan Akademik 96', '2025-08-13', '2025-08-13'),
  (2, 'Kegiatan Akademik 97', '2025-08-14', '2025-08-14'),
  (2, 'Kegiatan Akademik 98', '2025-08-15', '2025-08-15'),
  (2, 'Kegiatan Akademik 99', '2025-08-16', '2025-08-16'),
  (2, 'Kegiatan Akademik 100', '2025-08-17', '2025-08-17');

