-- ============================================================
-- AUTOMATICALLY GENERATED DUMMY DATA FOR TESTING (100+ ROWS)
-- ============================================================

-- --- INSERT DOSEN ---
INSERT INTO dosen (id_fakultas, nidn, nama_dosen) VALUES
  (2, '0487629194', 'Rudi Lestari'),
  (1, '0431568629', 'Rian Pratama'),
  (1, '0481275878', 'Muhammad Mulyadi'),
  (1, '0474028436', 'Lusi Suharto'),
  (2, '0459974316', 'Wibowo Fitriani'),
  (2, '0428168528', 'Agus Sari'),
  (2, '0453345007', 'Citra Simanjuntak'),
  (1, '0472080069', 'Hendra Mulyadi'),
  (1, '0472300455', 'Utami Nasution'),
  (2, '0444622643', 'Fajar Gunawan'),
  (2, '0417772763', 'Rini Kusuma'),
  (2, '0429060211', 'Yudi Gunawan'),
  (1, '0472773529', 'Hadi Nasution'),
  (2, '0465191584', 'Indah Pane'),
  (1, '0484933177', 'Fajar Sitorus'),
  (2, '0417050211', 'Mega Nasution'),
  (1, '0432186079', 'Dewi Kusuma'),
  (1, '0458346277', 'Agung Hadi'),
  (2, '0458640763', 'Andi Pratama'),
  (1, '0493464757', 'Yeni Hadi'),
  (2, '0465640864', 'Putra Purba'),
  (1, '0413544201', 'Tari Wibowo'),
  (1, '0460770868', 'Rizky Lubis'),
  (1, '0448422617', 'Taufik Suharto'),
  (1, '0445029289', 'Maya Wulandari'),
  (2, '0425355097', 'Hadi Wulandari'),
  (2, '0413844752', 'Dewi Nasution'),
  (1, '0497518676', 'Yudi Pane'),
  (1, '0493683624', 'Muhammad Purba'),
  (1, '0444832530', 'Oki Manurung'),
  (2, '0465698050', 'Oki Manurung'),
  (2, '0442169166', 'Kartika Simanjuntak'),
  (1, '0463118156', 'Ahmad Gunawan'),
  (1, '0466665656', 'Agung Pohan'),
  (2, '0484763939', 'Rini Tanjung'),
  (2, '0428425791', 'Hadi Daulay'),
  (2, '0470934914', 'Hendra Fitriani'),
  (1, '0434128484', 'Agus Suharto'),
  (1, '0423045514', 'Agus Santoso'),
  (1, '0424573755', 'Eko Wibowo'),
  (2, '0416540121', 'Yudi Mulyadi'),
  (2, '0428102876', 'Zaki Pratama'),
  (1, '0439265396', 'Rina Siregar'),
  (2, '0494757471', 'Gita Manurung'),
  (1, '0473646610', 'Joko Batubara'),
  (1, '0477165989', 'Kartika Suharto'),
  (1, '0471673659', 'Hendra Kusuma'),
  (1, '0450624482', 'Zaki Daulay'),
  (2, '0467990208', 'Bambang Pratama'),
  (2, '0489781920', 'Hendra Tanjung'),
  (2, '0410195039', 'Utami Simanjuntak'),
  (2, '0430487705', 'Rina Daulay'),
  (1, '0434281092', 'Surya Daulay'),
  (1, '0490679090', 'Joko Wulandari'),
  (2, '0415091059', 'Zaki Saputra'),
  (1, '0427480718', 'Siti Mulyadi'),
  (1, '0486304744', 'Joko Nasution'),
  (2, '0415758718', 'Sri Wibowo'),
  (2, '0483882940', 'Hendra Wulandari'),
  (2, '0491268775', 'Andi Wulandari'),
  (2, '0458638062', 'Dedi Hadi'),
  (2, '0425607101', 'Agus Setiawan'),
  (2, '0487883334', 'Rini Wibowo'),
  (1, '0454457984', 'Dedi Lestari'),
  (2, '0474437028', 'Andi Wulandari'),
  (2, '0431386553', 'Kartika Nasution'),
  (1, '0428861052', 'Joko Fitriani'),
  (2, '0495692833', 'Yeni Saputra'),
  (2, '0474112272', 'Oki Purba'),
  (1, '0468248261', 'Wibowo Suharto'),
  (2, '0445314555', 'Indah Pratama'),
  (1, '0422384936', 'Mega Wulandari'),
  (2, '0446105626', 'Dewi Kusuma'),
  (2, '0482845904', 'Dian Setiawan'),
  (1, '0490937913', 'Muhammad Pratama'),
  (2, '0488210595', 'Hadi Wulandari'),
  (1, '0451280509', 'Maya Wulandari'),
  (1, '0445616318', 'Rian Lestari'),
  (1, '0417574883', 'Taufik Kurniawan'),
  (1, '0478665374', 'Utami Simanjuntak'),
  (2, '0462951276', 'Dewi Wibowo'),
  (2, '0424308338', 'Indah Hidayat'),
  (2, '0433148791', 'Agung Lubis'),
  (1, '0487256269', 'Bambang Wibowo'),
  (2, '0460597518', 'Anisa Ginting'),
  (2, '0476208028', 'Agung Saputra'),
  (1, '0475350374', 'Gita Pane'),
  (1, '0458400117', 'Agung Santoso'),
  (2, '0431273601', 'Dian Lubis'),
  (1, '0499625460', 'Maya Mulyadi'),
  (1, '0437286397', 'Rudi Sitorus'),
  (2, '0467285660', 'Kartika Batubara'),
  (1, '0456463669', 'Ari Manurung'),
  (2, '0422266199', 'Mega Lubis'),
  (1, '0490829210', 'Rini Wulandari'),
  (2, '0460885912', 'Rian Pane'),
  (2, '0470728615', 'Hendra Yusuf'),
  (1, '0454584087', 'Rudi Simanjuntak'),
  (2, '0476655720', 'Surya Santoso'),
  (2, '0443552205', 'Bambang Daulay');

-- --- INSERT MAHASISWA ---
INSERT INTO mahasiswa (id_program_studi, id_kurikulum, id_kelompok, nim, nama_mahasiswa, status_mahasiswa, angkatan) VALUES
  (1, 1, 1, '25105110101', 'Siti Setiawan', 'aktif'::status_mahasiswa, 2025),
  (2, 1, 1, '25105110102', 'Lestari Tanjung', 'aktif'::status_mahasiswa, 2025),
  (1, 1, 1, '25105110103', 'Slamet Sari', 'aktif'::status_mahasiswa, 2025),
  (1, 1, 1, '25105110104', 'Dewi Pohan', 'aktif'::status_mahasiswa, 2025),
  (1, 1, 1, '25105110105', 'Rian Purba', 'aktif'::status_mahasiswa, 2025),
  (3, 1, 1, '25105110106', 'Fajar Mulyadi', 'aktif'::status_mahasiswa, 2025),
  (2, 1, 1, '25105110107', 'Mega Tanjung', 'aktif'::status_mahasiswa, 2025),
  (3, 1, 1, '25105110108', 'Hendra Hidayat', 'aktif'::status_mahasiswa, 2025),
  (2, 1, 1, '25105110109', 'Putra Pratama', 'aktif'::status_mahasiswa, 2025),
  (3, 1, 1, '25105110110', 'Kartika Sitorus', 'aktif'::status_mahasiswa, 2025),
  (2, 1, 1, '25105110111', 'Yeni Sari', 'aktif'::status_mahasiswa, 2025),
  (2, 1, 1, '25105110112', 'Utami Nasution', 'aktif'::status_mahasiswa, 2025),
  (3, 1, 1, '25105110113', 'Yeni Pohan', 'aktif'::status_mahasiswa, 2025),
  (3, 1, 1, '25105110114', 'Muhammad Gunawan', 'aktif'::status_mahasiswa, 2025),
  (2, 1, 1, '25105110115', 'Fajar Siregar', 'aktif'::status_mahasiswa, 2025),
  (2, 1, 1, '25105110116', 'Bambang Simanjuntak', 'aktif'::status_mahasiswa, 2025),
  (1, 1, 1, '25105110117', 'Yeni Lubis', 'cuti'::status_mahasiswa, 2025),
  (2, 1, 1, '25105110118', 'Sri Pane', 'aktif'::status_mahasiswa, 2025),
  (2, 1, 1, '25105110119', 'Joko Wijaya', 'aktif'::status_mahasiswa, 2025),
  (1, 1, 1, '25105110120', 'Muhammad Batubara', 'aktif'::status_mahasiswa, 2025),
  (1, 1, 1, '25105110121', 'Rizky Pohan', 'aktif'::status_mahasiswa, 2025),
  (1, 1, 1, '25105110122', 'Yudi Ginting', 'aktif'::status_mahasiswa, 2025),
  (3, 1, 1, '25105110123', 'Ahmad Yusuf', 'aktif'::status_mahasiswa, 2025),
  (1, 1, 1, '25105110124', 'Zaki Hidayat', 'cuti'::status_mahasiswa, 2025),
  (3, 1, 1, '25105110125', 'Gita Hidayat', 'aktif'::status_mahasiswa, 2025),
  (3, 1, 1, '25105110126', 'Diana Sari', 'aktif'::status_mahasiswa, 2025),
  (2, 1, 1, '25105110127', 'Citra Simanjuntak', 'aktif'::status_mahasiswa, 2025),
  (3, 1, 1, '25105110128', 'Bambang Purba', 'aktif'::status_mahasiswa, 2025),
  (2, 1, 1, '25105110129', 'Slamet Lubis', 'aktif'::status_mahasiswa, 2025),
  (1, 1, 1, '25105110130', 'Agung Wibowo', 'aktif'::status_mahasiswa, 2025),
  (3, 1, 1, '25105110131', 'Diana Fitriani', 'aktif'::status_mahasiswa, 2025),
  (2, 1, 1, '25105110132', 'Yudi Manurung', 'aktif'::status_mahasiswa, 2025),
  (3, 1, 1, '25105110133', 'Rian Pane', 'aktif'::status_mahasiswa, 2025),
  (1, 1, 1, '25105110134', 'Rini Kurniawan', 'aktif'::status_mahasiswa, 2025),
  (1, 1, 1, '25105110135', 'Eko Sitorus', 'aktif'::status_mahasiswa, 2025),
  (1, 1, 1, '25105110136', 'Dian Pratama', 'cuti'::status_mahasiswa, 2025),
  (2, 1, 1, '25105110137', 'Dedi Pane', 'aktif'::status_mahasiswa, 2025),
  (1, 1, 1, '25105110138', 'Rini Setiawan', 'aktif'::status_mahasiswa, 2025),
  (1, 1, 1, '25105110139', 'Yeni Pratama', 'aktif'::status_mahasiswa, 2025),
  (3, 1, 1, '25105110140', 'Bambang Santoso', 'aktif'::status_mahasiswa, 2025),
  (1, 1, 1, '25105110141', 'Hadi Daulay', 'aktif'::status_mahasiswa, 2025),
  (2, 1, 1, '25105110142', 'Lestari Yusuf', 'aktif'::status_mahasiswa, 2025),
  (2, 1, 1, '25105110143', 'Eko Simanjuntak', 'aktif'::status_mahasiswa, 2025),
  (3, 1, 1, '25105110144', 'Citra Mulyadi', 'aktif'::status_mahasiswa, 2025),
  (3, 1, 1, '25105110145', 'Aulia Lubis', 'aktif'::status_mahasiswa, 2025),
  (1, 1, 1, '25105110146', 'Sri Wijaya', 'aktif'::status_mahasiswa, 2025),
  (3, 1, 1, '25105110147', 'Diana Hadi', 'aktif'::status_mahasiswa, 2025),
  (2, 1, 1, '25105110148', 'Ani Hidayat', 'aktif'::status_mahasiswa, 2025),
  (1, 1, 1, '25105110149', 'Lusi Simanjuntak', 'aktif'::status_mahasiswa, 2025),
  (2, 1, 1, '25105110150', 'Oki Daulay', 'aktif'::status_mahasiswa, 2025),
  (1, 1, 1, '25105110151', 'Nur Lubis', 'aktif'::status_mahasiswa, 2025),
  (3, 1, 1, '25105110152', 'Diana Gunawan', 'aktif'::status_mahasiswa, 2025),
  (2, 1, 1, '25105110153', 'Ahmad Pohan', 'aktif'::status_mahasiswa, 2025),
  (3, 1, 1, '25105110154', 'Agung Purba', 'aktif'::status_mahasiswa, 2025),
  (2, 1, 1, '25105110155', 'Anisa Pane', 'aktif'::status_mahasiswa, 2025),
  (1, 1, 1, '25105110156', 'Indah Harahap', 'aktif'::status_mahasiswa, 2025),
  (3, 1, 1, '25105110157', 'Rian Saputra', 'aktif'::status_mahasiswa, 2025),
  (2, 1, 1, '25105110158', 'Siti Ginting', 'aktif'::status_mahasiswa, 2025),
  (3, 1, 1, '25105110159', 'Bambang Siregar', 'cuti'::status_mahasiswa, 2025),
  (3, 1, 1, '25105110160', 'Bambang Yusuf', 'aktif'::status_mahasiswa, 2025),
  (2, 1, 1, '25105110161', 'Hendra Wibowo', 'aktif'::status_mahasiswa, 2025),
  (2, 1, 1, '25105110162', 'Rian Purba', 'aktif'::status_mahasiswa, 2025),
  (3, 1, 1, '25105110163', 'Wibowo Sari', 'cuti'::status_mahasiswa, 2025),
  (1, 1, 1, '25105110164', 'Dian Manurung', 'aktif'::status_mahasiswa, 2025),
  (1, 1, 1, '25105110165', 'Taufik Hidayat', 'aktif'::status_mahasiswa, 2025),
  (1, 1, 1, '25105110166', 'Siti Sari', 'aktif'::status_mahasiswa, 2025),
  (2, 1, 1, '25105110167', 'Anisa Pane', 'aktif'::status_mahasiswa, 2025),
  (1, 1, 1, '25105110168', 'Yudi Daulay', 'aktif'::status_mahasiswa, 2025),
  (2, 1, 1, '25105110169', 'Gita Suharto', 'aktif'::status_mahasiswa, 2025),
  (2, 1, 1, '25105110170', 'Maya Wijaya', 'aktif'::status_mahasiswa, 2025),
  (3, 1, 1, '25105110171', 'Andi Manurung', 'aktif'::status_mahasiswa, 2025),
  (3, 1, 1, '25105110172', 'Ferry Wibowo', 'aktif'::status_mahasiswa, 2025),
  (1, 1, 1, '25105110173', 'Lusi Gunawan', 'aktif'::status_mahasiswa, 2025),
  (2, 1, 1, '25105110174', 'Rian Pratama', 'aktif'::status_mahasiswa, 2025),
  (2, 1, 1, '25105110175', 'Lestari Ginting', 'aktif'::status_mahasiswa, 2025),
  (1, 1, 1, '25105110176', 'Rian Hadi', 'cuti'::status_mahasiswa, 2025),
  (1, 1, 1, '25105110177', 'Surya Fitriani', 'aktif'::status_mahasiswa, 2025),
  (3, 1, 1, '25105110178', 'Farhan Kusuma', 'aktif'::status_mahasiswa, 2025),
  (1, 1, 1, '25105110179', 'Hendra Sari', 'aktif'::status_mahasiswa, 2025),
  (1, 1, 1, '25105110180', 'Ahmad Wibowo', 'aktif'::status_mahasiswa, 2025),
  (1, 1, 1, '25105110181', 'Bambang Tanjung', 'aktif'::status_mahasiswa, 2025),
  (2, 1, 1, '25105110182', 'Diana Saputra', 'aktif'::status_mahasiswa, 2025),
  (3, 1, 1, '25105110183', 'Zaki Gunawan', 'aktif'::status_mahasiswa, 2025),
  (1, 1, 1, '25105110184', 'Rudi Purba', 'aktif'::status_mahasiswa, 2025),
  (1, 1, 1, '25105110185', 'Nur Santoso', 'aktif'::status_mahasiswa, 2025),
  (2, 1, 1, '25105110186', 'Diana Sari', 'aktif'::status_mahasiswa, 2025),
  (3, 1, 1, '25105110187', 'Agung Saputra', 'aktif'::status_mahasiswa, 2025),
  (2, 1, 1, '25105110188', 'Ferry Saputra', 'aktif'::status_mahasiswa, 2025),
  (3, 1, 1, '25105110189', 'Eko Mulyadi', 'cuti'::status_mahasiswa, 2025),
  (2, 1, 1, '25105110190', 'Sri Fitriani', 'aktif'::status_mahasiswa, 2025),
  (2, 1, 1, '25105110191', 'Budi Sari', 'aktif'::status_mahasiswa, 2025),
  (2, 1, 1, '25105110192', 'Citra Lestari', 'aktif'::status_mahasiswa, 2025),
  (2, 1, 1, '25105110193', 'Eko Suharto', 'cuti'::status_mahasiswa, 2025),
  (3, 1, 1, '25105110194', 'Dewi Ginting', 'aktif'::status_mahasiswa, 2025),
  (3, 1, 1, '25105110195', 'Rini Kusuma', 'aktif'::status_mahasiswa, 2025),
  (1, 1, 1, '25105110196', 'Rian Setiawan', 'aktif'::status_mahasiswa, 2025),
  (2, 1, 1, '25105110197', 'Wibowo Hadi', 'aktif'::status_mahasiswa, 2025),
  (1, 1, 1, '25105110198', 'Dian Wibowo', 'aktif'::status_mahasiswa, 2025),
  (1, 1, 1, '25105110199', 'Rini Wijaya', 'aktif'::status_mahasiswa, 2025),
  (2, 1, 1, '25105110200', 'Aulia Sitorus', 'aktif'::status_mahasiswa, 2025);

-- --- INSERT USERS ---
INSERT INTO users (id_mahasiswa, id_dosen, email, password, role) VALUES
  (NULL, 11, 'dosen.11@upnvj.ac.id', 'dosen123', 'dosen'::enum_role),
  (NULL, 12, 'dosen.12@upnvj.ac.id', 'dosen123', 'dosen'::enum_role),
  (NULL, 13, 'dosen.13@upnvj.ac.id', 'dosen123', 'dosen'::enum_role),
  (NULL, 14, 'dosen.14@upnvj.ac.id', 'dosen123', 'dosen'::enum_role),
  (NULL, 15, 'dosen.15@upnvj.ac.id', 'dosen123', 'dosen'::enum_role),
  (NULL, 16, 'dosen.16@upnvj.ac.id', 'dosen123', 'dosen'::enum_role),
  (NULL, 17, 'dosen.17@upnvj.ac.id', 'dosen123', 'dosen'::enum_role),
  (NULL, 18, 'dosen.18@upnvj.ac.id', 'dosen123', 'dosen'::enum_role),
  (NULL, 19, 'dosen.19@upnvj.ac.id', 'dosen123', 'dosen'::enum_role),
  (NULL, 20, 'dosen.20@upnvj.ac.id', 'dosen123', 'dosen'::enum_role),
  (NULL, 21, 'dosen.21@upnvj.ac.id', 'dosen123', 'dosen'::enum_role),
  (NULL, 22, 'dosen.22@upnvj.ac.id', 'dosen123', 'dosen'::enum_role),
  (NULL, 23, 'dosen.23@upnvj.ac.id', 'dosen123', 'dosen'::enum_role),
  (NULL, 24, 'dosen.24@upnvj.ac.id', 'dosen123', 'dosen'::enum_role),
  (NULL, 25, 'dosen.25@upnvj.ac.id', 'dosen123', 'dosen'::enum_role),
  (NULL, 26, 'dosen.26@upnvj.ac.id', 'dosen123', 'dosen'::enum_role),
  (NULL, 27, 'dosen.27@upnvj.ac.id', 'dosen123', 'dosen'::enum_role),
  (NULL, 28, 'dosen.28@upnvj.ac.id', 'dosen123', 'dosen'::enum_role),
  (NULL, 29, 'dosen.29@upnvj.ac.id', 'dosen123', 'dosen'::enum_role),
  (NULL, 30, 'dosen.30@upnvj.ac.id', 'dosen123', 'dosen'::enum_role),
  (NULL, 31, 'dosen.31@upnvj.ac.id', 'dosen123', 'dosen'::enum_role),
  (NULL, 32, 'dosen.32@upnvj.ac.id', 'dosen123', 'dosen'::enum_role),
  (NULL, 33, 'dosen.33@upnvj.ac.id', 'dosen123', 'dosen'::enum_role),
  (NULL, 34, 'dosen.34@upnvj.ac.id', 'dosen123', 'dosen'::enum_role),
  (NULL, 35, 'dosen.35@upnvj.ac.id', 'dosen123', 'dosen'::enum_role),
  (NULL, 36, 'dosen.36@upnvj.ac.id', 'dosen123', 'dosen'::enum_role),
  (NULL, 37, 'dosen.37@upnvj.ac.id', 'dosen123', 'dosen'::enum_role),
  (NULL, 38, 'dosen.38@upnvj.ac.id', 'dosen123', 'dosen'::enum_role),
  (NULL, 39, 'dosen.39@upnvj.ac.id', 'dosen123', 'dosen'::enum_role),
  (NULL, 40, 'dosen.40@upnvj.ac.id', 'dosen123', 'dosen'::enum_role),
  (NULL, 41, 'dosen.41@upnvj.ac.id', 'dosen123', 'dosen'::enum_role),
  (NULL, 42, 'dosen.42@upnvj.ac.id', 'dosen123', 'dosen'::enum_role),
  (NULL, 43, 'dosen.43@upnvj.ac.id', 'dosen123', 'dosen'::enum_role),
  (NULL, 44, 'dosen.44@upnvj.ac.id', 'dosen123', 'dosen'::enum_role),
  (NULL, 45, 'dosen.45@upnvj.ac.id', 'dosen123', 'dosen'::enum_role),
  (NULL, 46, 'dosen.46@upnvj.ac.id', 'dosen123', 'dosen'::enum_role),
  (NULL, 47, 'dosen.47@upnvj.ac.id', 'dosen123', 'dosen'::enum_role),
  (NULL, 48, 'dosen.48@upnvj.ac.id', 'dosen123', 'dosen'::enum_role),
  (NULL, 49, 'dosen.49@upnvj.ac.id', 'dosen123', 'dosen'::enum_role),
  (NULL, 50, 'dosen.50@upnvj.ac.id', 'dosen123', 'dosen'::enum_role),
  (NULL, 51, 'dosen.51@upnvj.ac.id', 'dosen123', 'dosen'::enum_role),
  (NULL, 52, 'dosen.52@upnvj.ac.id', 'dosen123', 'dosen'::enum_role),
  (NULL, 53, 'dosen.53@upnvj.ac.id', 'dosen123', 'dosen'::enum_role),
  (NULL, 54, 'dosen.54@upnvj.ac.id', 'dosen123', 'dosen'::enum_role),
  (NULL, 55, 'dosen.55@upnvj.ac.id', 'dosen123', 'dosen'::enum_role),
  (NULL, 56, 'dosen.56@upnvj.ac.id', 'dosen123', 'dosen'::enum_role),
  (NULL, 57, 'dosen.57@upnvj.ac.id', 'dosen123', 'dosen'::enum_role),
  (NULL, 58, 'dosen.58@upnvj.ac.id', 'dosen123', 'dosen'::enum_role),
  (NULL, 59, 'dosen.59@upnvj.ac.id', 'dosen123', 'dosen'::enum_role),
  (NULL, 60, 'dosen.60@upnvj.ac.id', 'dosen123', 'dosen'::enum_role),
  (NULL, 61, 'dosen.61@upnvj.ac.id', 'dosen123', 'dosen'::enum_role),
  (NULL, 62, 'dosen.62@upnvj.ac.id', 'dosen123', 'dosen'::enum_role),
  (NULL, 63, 'dosen.63@upnvj.ac.id', 'dosen123', 'dosen'::enum_role),
  (NULL, 64, 'dosen.64@upnvj.ac.id', 'dosen123', 'dosen'::enum_role),
  (NULL, 65, 'dosen.65@upnvj.ac.id', 'dosen123', 'dosen'::enum_role),
  (NULL, 66, 'dosen.66@upnvj.ac.id', 'dosen123', 'dosen'::enum_role),
  (NULL, 67, 'dosen.67@upnvj.ac.id', 'dosen123', 'dosen'::enum_role),
  (NULL, 68, 'dosen.68@upnvj.ac.id', 'dosen123', 'dosen'::enum_role),
  (NULL, 69, 'dosen.69@upnvj.ac.id', 'dosen123', 'dosen'::enum_role),
  (NULL, 70, 'dosen.70@upnvj.ac.id', 'dosen123', 'dosen'::enum_role),
  (NULL, 71, 'dosen.71@upnvj.ac.id', 'dosen123', 'dosen'::enum_role),
  (NULL, 72, 'dosen.72@upnvj.ac.id', 'dosen123', 'dosen'::enum_role),
  (NULL, 73, 'dosen.73@upnvj.ac.id', 'dosen123', 'dosen'::enum_role),
  (NULL, 74, 'dosen.74@upnvj.ac.id', 'dosen123', 'dosen'::enum_role),
  (NULL, 75, 'dosen.75@upnvj.ac.id', 'dosen123', 'dosen'::enum_role),
  (NULL, 76, 'dosen.76@upnvj.ac.id', 'dosen123', 'dosen'::enum_role),
  (NULL, 77, 'dosen.77@upnvj.ac.id', 'dosen123', 'dosen'::enum_role),
  (NULL, 78, 'dosen.78@upnvj.ac.id', 'dosen123', 'dosen'::enum_role),
  (NULL, 79, 'dosen.79@upnvj.ac.id', 'dosen123', 'dosen'::enum_role),
  (NULL, 80, 'dosen.80@upnvj.ac.id', 'dosen123', 'dosen'::enum_role),
  (NULL, 81, 'dosen.81@upnvj.ac.id', 'dosen123', 'dosen'::enum_role),
  (NULL, 82, 'dosen.82@upnvj.ac.id', 'dosen123', 'dosen'::enum_role),
  (NULL, 83, 'dosen.83@upnvj.ac.id', 'dosen123', 'dosen'::enum_role),
  (NULL, 84, 'dosen.84@upnvj.ac.id', 'dosen123', 'dosen'::enum_role),
  (NULL, 85, 'dosen.85@upnvj.ac.id', 'dosen123', 'dosen'::enum_role),
  (NULL, 86, 'dosen.86@upnvj.ac.id', 'dosen123', 'dosen'::enum_role),
  (NULL, 87, 'dosen.87@upnvj.ac.id', 'dosen123', 'dosen'::enum_role),
  (NULL, 88, 'dosen.88@upnvj.ac.id', 'dosen123', 'dosen'::enum_role),
  (NULL, 89, 'dosen.89@upnvj.ac.id', 'dosen123', 'dosen'::enum_role),
  (NULL, 90, 'dosen.90@upnvj.ac.id', 'dosen123', 'dosen'::enum_role),
  (NULL, 91, 'dosen.91@upnvj.ac.id', 'dosen123', 'dosen'::enum_role),
  (NULL, 92, 'dosen.92@upnvj.ac.id', 'dosen123', 'dosen'::enum_role),
  (NULL, 93, 'dosen.93@upnvj.ac.id', 'dosen123', 'dosen'::enum_role),
  (NULL, 94, 'dosen.94@upnvj.ac.id', 'dosen123', 'dosen'::enum_role),
  (NULL, 95, 'dosen.95@upnvj.ac.id', 'dosen123', 'dosen'::enum_role),
  (NULL, 96, 'dosen.96@upnvj.ac.id', 'dosen123', 'dosen'::enum_role),
  (NULL, 97, 'dosen.97@upnvj.ac.id', 'dosen123', 'dosen'::enum_role),
  (NULL, 98, 'dosen.98@upnvj.ac.id', 'dosen123', 'dosen'::enum_role),
  (NULL, 99, 'dosen.99@upnvj.ac.id', 'dosen123', 'dosen'::enum_role),
  (NULL, 100, 'dosen.100@upnvj.ac.id', 'dosen123', 'dosen'::enum_role),
  (NULL, 101, 'dosen.101@upnvj.ac.id', 'dosen123', 'dosen'::enum_role),
  (NULL, 102, 'dosen.102@upnvj.ac.id', 'dosen123', 'dosen'::enum_role),
  (NULL, 103, 'dosen.103@upnvj.ac.id', 'dosen123', 'dosen'::enum_role),
  (NULL, 104, 'dosen.104@upnvj.ac.id', 'dosen123', 'dosen'::enum_role),
  (NULL, 105, 'dosen.105@upnvj.ac.id', 'dosen123', 'dosen'::enum_role),
  (NULL, 106, 'dosen.106@upnvj.ac.id', 'dosen123', 'dosen'::enum_role),
  (NULL, 107, 'dosen.107@upnvj.ac.id', 'dosen123', 'dosen'::enum_role),
  (NULL, 108, 'dosen.108@upnvj.ac.id', 'dosen123', 'dosen'::enum_role),
  (NULL, 109, 'dosen.109@upnvj.ac.id', 'dosen123', 'dosen'::enum_role),
  (NULL, 110, 'dosen.110@upnvj.ac.id', 'dosen123', 'dosen'::enum_role),
  (13, NULL, 'siti.setiawan@mahasiswa.upnvj.ac.id', 'mhs123', 'mahasiswa'::enum_role),
  (14, NULL, 'lestari.tanjung@mahasiswa.upnvj.ac.id', 'mhs123', 'mahasiswa'::enum_role),
  (15, NULL, 'slamet.sari@mahasiswa.upnvj.ac.id', 'mhs123', 'mahasiswa'::enum_role),
  (16, NULL, 'dewi.pohan@mahasiswa.upnvj.ac.id', 'mhs123', 'mahasiswa'::enum_role),
  (17, NULL, 'rian.purba@mahasiswa.upnvj.ac.id', 'mhs123', 'mahasiswa'::enum_role),
  (18, NULL, 'fajar.mulyadi@mahasiswa.upnvj.ac.id', 'mhs123', 'mahasiswa'::enum_role),
  (19, NULL, 'mega.tanjung@mahasiswa.upnvj.ac.id', 'mhs123', 'mahasiswa'::enum_role),
  (20, NULL, 'hendra.hidayat@mahasiswa.upnvj.ac.id', 'mhs123', 'mahasiswa'::enum_role),
  (21, NULL, 'putra.pratama@mahasiswa.upnvj.ac.id', 'mhs123', 'mahasiswa'::enum_role),
  (22, NULL, 'kartika.sitorus@mahasiswa.upnvj.ac.id', 'mhs123', 'mahasiswa'::enum_role),
  (23, NULL, 'yeni.sari@mahasiswa.upnvj.ac.id', 'mhs123', 'mahasiswa'::enum_role),
  (24, NULL, 'utami.nasution@mahasiswa.upnvj.ac.id', 'mhs123', 'mahasiswa'::enum_role),
  (25, NULL, 'yeni.pohan@mahasiswa.upnvj.ac.id', 'mhs123', 'mahasiswa'::enum_role),
  (26, NULL, 'muhammad.gunawan@mahasiswa.upnvj.ac.id', 'mhs123', 'mahasiswa'::enum_role),
  (27, NULL, 'fajar.siregar@mahasiswa.upnvj.ac.id', 'mhs123', 'mahasiswa'::enum_role),
  (28, NULL, 'bambang.simanjuntak@mahasiswa.upnvj.ac.id', 'mhs123', 'mahasiswa'::enum_role),
  (29, NULL, 'yeni.lubis@mahasiswa.upnvj.ac.id', 'mhs123', 'mahasiswa'::enum_role),
  (30, NULL, 'sri.pane@mahasiswa.upnvj.ac.id', 'mhs123', 'mahasiswa'::enum_role),
  (31, NULL, 'joko.wijaya@mahasiswa.upnvj.ac.id', 'mhs123', 'mahasiswa'::enum_role),
  (32, NULL, 'muhammad.batubara@mahasiswa.upnvj.ac.id', 'mhs123', 'mahasiswa'::enum_role),
  (33, NULL, 'rizky.pohan@mahasiswa.upnvj.ac.id', 'mhs123', 'mahasiswa'::enum_role),
  (34, NULL, 'yudi.ginting@mahasiswa.upnvj.ac.id', 'mhs123', 'mahasiswa'::enum_role),
  (35, NULL, 'ahmad.yusuf@mahasiswa.upnvj.ac.id', 'mhs123', 'mahasiswa'::enum_role),
  (36, NULL, 'zaki.hidayat@mahasiswa.upnvj.ac.id', 'mhs123', 'mahasiswa'::enum_role),
  (37, NULL, 'gita.hidayat@mahasiswa.upnvj.ac.id', 'mhs123', 'mahasiswa'::enum_role),
  (38, NULL, 'diana.sari@mahasiswa.upnvj.ac.id', 'mhs123', 'mahasiswa'::enum_role),
  (39, NULL, 'citra.simanjuntak@mahasiswa.upnvj.ac.id', 'mhs123', 'mahasiswa'::enum_role),
  (40, NULL, 'bambang.purba@mahasiswa.upnvj.ac.id', 'mhs123', 'mahasiswa'::enum_role),
  (41, NULL, 'slamet.lubis@mahasiswa.upnvj.ac.id', 'mhs123', 'mahasiswa'::enum_role),
  (42, NULL, 'agung.wibowo@mahasiswa.upnvj.ac.id', 'mhs123', 'mahasiswa'::enum_role),
  (43, NULL, 'diana.fitriani@mahasiswa.upnvj.ac.id', 'mhs123', 'mahasiswa'::enum_role),
  (44, NULL, 'yudi.manurung@mahasiswa.upnvj.ac.id', 'mhs123', 'mahasiswa'::enum_role),
  (45, NULL, 'rian.pane@mahasiswa.upnvj.ac.id', 'mhs123', 'mahasiswa'::enum_role),
  (46, NULL, 'rini.kurniawan@mahasiswa.upnvj.ac.id', 'mhs123', 'mahasiswa'::enum_role),
  (47, NULL, 'eko.sitorus@mahasiswa.upnvj.ac.id', 'mhs123', 'mahasiswa'::enum_role),
  (48, NULL, 'dian.pratama@mahasiswa.upnvj.ac.id', 'mhs123', 'mahasiswa'::enum_role),
  (49, NULL, 'dedi.pane@mahasiswa.upnvj.ac.id', 'mhs123', 'mahasiswa'::enum_role),
  (50, NULL, 'rini.setiawan@mahasiswa.upnvj.ac.id', 'mhs123', 'mahasiswa'::enum_role),
  (51, NULL, 'yeni.pratama@mahasiswa.upnvj.ac.id', 'mhs123', 'mahasiswa'::enum_role),
  (52, NULL, 'bambang.santoso@mahasiswa.upnvj.ac.id', 'mhs123', 'mahasiswa'::enum_role),
  (53, NULL, 'hadi.daulay@mahasiswa.upnvj.ac.id', 'mhs123', 'mahasiswa'::enum_role),
  (54, NULL, 'lestari.yusuf@mahasiswa.upnvj.ac.id', 'mhs123', 'mahasiswa'::enum_role),
  (55, NULL, 'eko.simanjuntak@mahasiswa.upnvj.ac.id', 'mhs123', 'mahasiswa'::enum_role),
  (56, NULL, 'citra.mulyadi@mahasiswa.upnvj.ac.id', 'mhs123', 'mahasiswa'::enum_role),
  (57, NULL, 'aulia.lubis@mahasiswa.upnvj.ac.id', 'mhs123', 'mahasiswa'::enum_role),
  (58, NULL, 'sri.wijaya@mahasiswa.upnvj.ac.id', 'mhs123', 'mahasiswa'::enum_role),
  (59, NULL, 'diana.hadi@mahasiswa.upnvj.ac.id', 'mhs123', 'mahasiswa'::enum_role),
  (60, NULL, 'ani.hidayat@mahasiswa.upnvj.ac.id', 'mhs123', 'mahasiswa'::enum_role),
  (61, NULL, 'lusi.simanjuntak@mahasiswa.upnvj.ac.id', 'mhs123', 'mahasiswa'::enum_role),
  (62, NULL, 'oki.daulay@mahasiswa.upnvj.ac.id', 'mhs123', 'mahasiswa'::enum_role),
  (63, NULL, 'nur.lubis@mahasiswa.upnvj.ac.id', 'mhs123', 'mahasiswa'::enum_role),
  (64, NULL, 'diana.gunawan@mahasiswa.upnvj.ac.id', 'mhs123', 'mahasiswa'::enum_role),
  (65, NULL, 'ahmad.pohan@mahasiswa.upnvj.ac.id', 'mhs123', 'mahasiswa'::enum_role),
  (66, NULL, 'agung.purba@mahasiswa.upnvj.ac.id', 'mhs123', 'mahasiswa'::enum_role),
  (67, NULL, 'anisa.pane@mahasiswa.upnvj.ac.id', 'mhs123', 'mahasiswa'::enum_role),
  (68, NULL, 'indah.harahap@mahasiswa.upnvj.ac.id', 'mhs123', 'mahasiswa'::enum_role),
  (69, NULL, 'rian.saputra@mahasiswa.upnvj.ac.id', 'mhs123', 'mahasiswa'::enum_role),
  (70, NULL, 'siti.ginting@mahasiswa.upnvj.ac.id', 'mhs123', 'mahasiswa'::enum_role),
  (71, NULL, 'bambang.siregar@mahasiswa.upnvj.ac.id', 'mhs123', 'mahasiswa'::enum_role),
  (72, NULL, 'bambang.yusuf@mahasiswa.upnvj.ac.id', 'mhs123', 'mahasiswa'::enum_role),
  (73, NULL, 'hendra.wibowo@mahasiswa.upnvj.ac.id', 'mhs123', 'mahasiswa'::enum_role),
  (74, NULL, 'rian.purba@mahasiswa.upnvj.ac.id', 'mhs123', 'mahasiswa'::enum_role),
  (75, NULL, 'wibowo.sari@mahasiswa.upnvj.ac.id', 'mhs123', 'mahasiswa'::enum_role),
  (76, NULL, 'dian.manurung@mahasiswa.upnvj.ac.id', 'mhs123', 'mahasiswa'::enum_role),
  (77, NULL, 'taufik.hidayat@mahasiswa.upnvj.ac.id', 'mhs123', 'mahasiswa'::enum_role),
  (78, NULL, 'siti.sari@mahasiswa.upnvj.ac.id', 'mhs123', 'mahasiswa'::enum_role),
  (79, NULL, 'anisa.pane@mahasiswa.upnvj.ac.id', 'mhs123', 'mahasiswa'::enum_role),
  (80, NULL, 'yudi.daulay@mahasiswa.upnvj.ac.id', 'mhs123', 'mahasiswa'::enum_role),
  (81, NULL, 'gita.suharto@mahasiswa.upnvj.ac.id', 'mhs123', 'mahasiswa'::enum_role),
  (82, NULL, 'maya.wijaya@mahasiswa.upnvj.ac.id', 'mhs123', 'mahasiswa'::enum_role),
  (83, NULL, 'andi.manurung@mahasiswa.upnvj.ac.id', 'mhs123', 'mahasiswa'::enum_role),
  (84, NULL, 'ferry.wibowo@mahasiswa.upnvj.ac.id', 'mhs123', 'mahasiswa'::enum_role),
  (85, NULL, 'lusi.gunawan@mahasiswa.upnvj.ac.id', 'mhs123', 'mahasiswa'::enum_role),
  (86, NULL, 'rian.pratama@mahasiswa.upnvj.ac.id', 'mhs123', 'mahasiswa'::enum_role),
  (87, NULL, 'lestari.ginting@mahasiswa.upnvj.ac.id', 'mhs123', 'mahasiswa'::enum_role),
  (88, NULL, 'rian.hadi@mahasiswa.upnvj.ac.id', 'mhs123', 'mahasiswa'::enum_role),
  (89, NULL, 'surya.fitriani@mahasiswa.upnvj.ac.id', 'mhs123', 'mahasiswa'::enum_role),
  (90, NULL, 'farhan.kusuma@mahasiswa.upnvj.ac.id', 'mhs123', 'mahasiswa'::enum_role),
  (91, NULL, 'hendra.sari@mahasiswa.upnvj.ac.id', 'mhs123', 'mahasiswa'::enum_role),
  (92, NULL, 'ahmad.wibowo@mahasiswa.upnvj.ac.id', 'mhs123', 'mahasiswa'::enum_role),
  (93, NULL, 'bambang.tanjung@mahasiswa.upnvj.ac.id', 'mhs123', 'mahasiswa'::enum_role),
  (94, NULL, 'diana.saputra@mahasiswa.upnvj.ac.id', 'mhs123', 'mahasiswa'::enum_role),
  (95, NULL, 'zaki.gunawan@mahasiswa.upnvj.ac.id', 'mhs123', 'mahasiswa'::enum_role),
  (96, NULL, 'rudi.purba@mahasiswa.upnvj.ac.id', 'mhs123', 'mahasiswa'::enum_role),
  (97, NULL, 'nur.santoso@mahasiswa.upnvj.ac.id', 'mhs123', 'mahasiswa'::enum_role),
  (98, NULL, 'diana.sari@mahasiswa.upnvj.ac.id', 'mhs123', 'mahasiswa'::enum_role),
  (99, NULL, 'agung.saputra@mahasiswa.upnvj.ac.id', 'mhs123', 'mahasiswa'::enum_role),
  (100, NULL, 'ferry.saputra@mahasiswa.upnvj.ac.id', 'mhs123', 'mahasiswa'::enum_role),
  (101, NULL, 'eko.mulyadi@mahasiswa.upnvj.ac.id', 'mhs123', 'mahasiswa'::enum_role),
  (102, NULL, 'sri.fitriani@mahasiswa.upnvj.ac.id', 'mhs123', 'mahasiswa'::enum_role),
  (103, NULL, 'budi.sari@mahasiswa.upnvj.ac.id', 'mhs123', 'mahasiswa'::enum_role),
  (104, NULL, 'citra.lestari@mahasiswa.upnvj.ac.id', 'mhs123', 'mahasiswa'::enum_role),
  (105, NULL, 'eko.suharto@mahasiswa.upnvj.ac.id', 'mhs123', 'mahasiswa'::enum_role),
  (106, NULL, 'dewi.ginting@mahasiswa.upnvj.ac.id', 'mhs123', 'mahasiswa'::enum_role),
  (107, NULL, 'rini.kusuma@mahasiswa.upnvj.ac.id', 'mhs123', 'mahasiswa'::enum_role),
  (108, NULL, 'rian.setiawan@mahasiswa.upnvj.ac.id', 'mhs123', 'mahasiswa'::enum_role),
  (109, NULL, 'wibowo.hadi@mahasiswa.upnvj.ac.id', 'mhs123', 'mahasiswa'::enum_role),
  (110, NULL, 'dian.wibowo@mahasiswa.upnvj.ac.id', 'mhs123', 'mahasiswa'::enum_role),
  (111, NULL, 'rini.wijaya@mahasiswa.upnvj.ac.id', 'mhs123', 'mahasiswa'::enum_role),
  (112, NULL, 'aulia.sitorus@mahasiswa.upnvj.ac.id', 'mhs123', 'mahasiswa'::enum_role);

-- --- INSERT KELAS ---
INSERT INTO kelas (id_ruangan, id_program_studi, id_rombel, id_mata_kuliah, id_dosen, id_tahun_ajaran, kode_kelas, kuota, semester_aktif, jam_mulai, jam_selesai, hari) VALUES
  (3, 2, 1, 8, 99, 2, 'KLS-101', 30, 'ganjil'::semester_aktif, '08:00:00', '10:30:00', 'Rabu'),
  (4, 1, 1, 2, 87, 2, 'KLS-102', 30, 'ganjil'::semester_aktif, '13:30:00', '16:00:00', 'Jumat'),
  (3, 2, 4, 5, 54, 2, 'KLS-103', 30, 'ganjil'::semester_aktif, '10:40:00', '13:10:00', 'Rabu'),
  (4, 1, 4, 8, 41, 2, 'KLS-104', 30, 'ganjil'::semester_aktif, '08:00:00', '10:30:00', 'Kamis'),
  (4, 1, 3, 7, 98, 2, 'KLS-105', 30, 'ganjil'::semester_aktif, '10:40:00', '13:10:00', 'Selasa'),
  (1, 1, 1, 4, 26, 2, 'KLS-106', 30, 'ganjil'::semester_aktif, '16:10:00', '18:40:00', 'Rabu'),
  (4, 3, 4, 7, 33, 2, 'KLS-107', 30, 'ganjil'::semester_aktif, '13:30:00', '16:00:00', 'Jumat'),
  (2, 3, 1, 5, 15, 2, 'KLS-108', 30, 'ganjil'::semester_aktif, '13:30:00', '16:00:00', 'Kamis'),
  (1, 2, 1, 8, 30, 2, 'KLS-109', 30, 'ganjil'::semester_aktif, '13:30:00', '16:00:00', 'Rabu'),
  (4, 3, 4, 4, 29, 2, 'KLS-110', 30, 'ganjil'::semester_aktif, '10:40:00', '13:10:00', 'Rabu'),
  (2, 2, 4, 4, 38, 2, 'KLS-111', 30, 'ganjil'::semester_aktif, '13:30:00', '16:00:00', 'Kamis'),
  (4, 3, 4, 6, 42, 2, 'KLS-112', 30, 'ganjil'::semester_aktif, '16:10:00', '18:40:00', 'Selasa'),
  (3, 3, 1, 6, 61, 2, 'KLS-113', 30, 'ganjil'::semester_aktif, '08:00:00', '10:30:00', 'Selasa'),
  (4, 1, 1, 1, 29, 2, 'KLS-114', 30, 'ganjil'::semester_aktif, '13:30:00', '16:00:00', 'Selasa'),
  (4, 3, 1, 1, 98, 2, 'KLS-115', 30, 'ganjil'::semester_aktif, '10:40:00', '13:10:00', 'Senin'),
  (1, 2, 4, 6, 97, 2, 'KLS-116', 30, 'ganjil'::semester_aktif, '16:10:00', '18:40:00', 'Rabu'),
  (2, 3, 2, 6, 99, 2, 'KLS-117', 30, 'ganjil'::semester_aktif, '10:40:00', '13:10:00', 'Rabu'),
  (1, 3, 4, 7, 27, 2, 'KLS-118', 30, 'ganjil'::semester_aktif, '16:10:00', '18:40:00', 'Selasa'),
  (4, 2, 1, 8, 13, 2, 'KLS-119', 30, 'ganjil'::semester_aktif, '13:30:00', '16:00:00', 'Jumat'),
  (3, 1, 2, 8, 80, 2, 'KLS-120', 30, 'ganjil'::semester_aktif, '13:30:00', '16:00:00', 'Jumat'),
  (1, 1, 1, 7, 34, 2, 'KLS-121', 30, 'ganjil'::semester_aktif, '13:30:00', '16:00:00', 'Senin'),
  (1, 1, 3, 5, 75, 2, 'KLS-122', 30, 'ganjil'::semester_aktif, '16:10:00', '18:40:00', 'Rabu'),
  (2, 1, 4, 2, 67, 2, 'KLS-123', 30, 'ganjil'::semester_aktif, '08:00:00', '10:30:00', 'Rabu'),
  (4, 3, 1, 1, 27, 2, 'KLS-124', 30, 'ganjil'::semester_aktif, '13:30:00', '16:00:00', 'Selasa'),
  (3, 2, 1, 8, 11, 2, 'KLS-125', 30, 'ganjil'::semester_aktif, '16:10:00', '18:40:00', 'Kamis'),
  (3, 3, 3, 4, 25, 2, 'KLS-126', 30, 'ganjil'::semester_aktif, '16:10:00', '18:40:00', 'Senin'),
  (2, 2, 4, 3, 54, 2, 'KLS-127', 30, 'ganjil'::semester_aktif, '08:00:00', '10:30:00', 'Kamis'),
  (4, 3, 3, 5, 15, 2, 'KLS-128', 30, 'ganjil'::semester_aktif, '10:40:00', '13:10:00', 'Rabu'),
  (4, 3, 1, 1, 28, 2, 'KLS-129', 30, 'ganjil'::semester_aktif, '10:40:00', '13:10:00', 'Selasa'),
  (3, 1, 1, 2, 19, 2, 'KLS-130', 30, 'ganjil'::semester_aktif, '08:00:00', '10:30:00', 'Selasa'),
  (3, 2, 3, 4, 96, 2, 'KLS-131', 30, 'ganjil'::semester_aktif, '10:40:00', '13:10:00', 'Rabu'),
  (1, 1, 3, 6, 54, 2, 'KLS-132', 30, 'ganjil'::semester_aktif, '16:10:00', '18:40:00', 'Selasa'),
  (2, 3, 3, 4, 41, 2, 'KLS-133', 30, 'ganjil'::semester_aktif, '08:00:00', '10:30:00', 'Jumat'),
  (1, 1, 4, 1, 52, 2, 'KLS-134', 30, 'ganjil'::semester_aktif, '08:00:00', '10:30:00', 'Rabu'),
  (3, 3, 2, 7, 88, 2, 'KLS-135', 30, 'ganjil'::semester_aktif, '10:40:00', '13:10:00', 'Rabu'),
  (4, 3, 3, 4, 83, 2, 'KLS-136', 30, 'ganjil'::semester_aktif, '08:00:00', '10:30:00', 'Rabu'),
  (3, 3, 1, 3, 75, 2, 'KLS-137', 30, 'ganjil'::semester_aktif, '10:40:00', '13:10:00', 'Rabu'),
  (3, 1, 1, 2, 32, 2, 'KLS-138', 30, 'ganjil'::semester_aktif, '16:10:00', '18:40:00', 'Jumat'),
  (3, 1, 4, 7, 40, 2, 'KLS-139', 30, 'ganjil'::semester_aktif, '08:00:00', '10:30:00', 'Selasa'),
  (2, 3, 3, 3, 87, 2, 'KLS-140', 30, 'ganjil'::semester_aktif, '13:30:00', '16:00:00', 'Jumat'),
  (4, 2, 4, 6, 39, 2, 'KLS-141', 30, 'ganjil'::semester_aktif, '10:40:00', '13:10:00', 'Rabu'),
  (3, 3, 4, 5, 39, 2, 'KLS-142', 30, 'ganjil'::semester_aktif, '13:30:00', '16:00:00', 'Jumat'),
  (1, 3, 1, 1, 84, 2, 'KLS-143', 30, 'ganjil'::semester_aktif, '10:40:00', '13:10:00', 'Kamis'),
  (4, 2, 3, 4, 42, 2, 'KLS-144', 30, 'ganjil'::semester_aktif, '13:30:00', '16:00:00', 'Jumat'),
  (4, 3, 2, 6, 96, 2, 'KLS-145', 30, 'ganjil'::semester_aktif, '16:10:00', '18:40:00', 'Selasa'),
  (4, 1, 3, 4, 12, 2, 'KLS-146', 30, 'ganjil'::semester_aktif, '10:40:00', '13:10:00', 'Rabu'),
  (4, 1, 4, 3, 24, 2, 'KLS-147', 30, 'ganjil'::semester_aktif, '10:40:00', '13:10:00', 'Rabu'),
  (4, 2, 3, 1, 46, 2, 'KLS-148', 30, 'ganjil'::semester_aktif, '10:40:00', '13:10:00', 'Rabu'),
  (4, 3, 1, 8, 59, 2, 'KLS-149', 30, 'ganjil'::semester_aktif, '13:30:00', '16:00:00', 'Jumat'),
  (2, 2, 1, 6, 14, 2, 'KLS-150', 30, 'ganjil'::semester_aktif, '13:30:00', '16:00:00', 'Kamis'),
  (2, 2, 1, 1, 61, 2, 'KLS-151', 30, 'ganjil'::semester_aktif, '16:10:00', '18:40:00', 'Jumat'),
  (1, 3, 3, 2, 100, 2, 'KLS-152', 30, 'ganjil'::semester_aktif, '10:40:00', '13:10:00', 'Rabu'),
  (1, 3, 2, 3, 82, 2, 'KLS-153', 30, 'ganjil'::semester_aktif, '13:30:00', '16:00:00', 'Rabu'),
  (4, 3, 1, 7, 100, 2, 'KLS-154', 30, 'ganjil'::semester_aktif, '08:00:00', '10:30:00', 'Kamis'),
  (1, 1, 1, 4, 29, 2, 'KLS-155', 30, 'ganjil'::semester_aktif, '10:40:00', '13:10:00', 'Jumat'),
  (1, 3, 2, 3, 39, 2, 'KLS-156', 30, 'ganjil'::semester_aktif, '16:10:00', '18:40:00', 'Jumat'),
  (4, 3, 4, 8, 30, 2, 'KLS-157', 30, 'ganjil'::semester_aktif, '08:00:00', '10:30:00', 'Rabu'),
  (2, 2, 4, 5, 32, 2, 'KLS-158', 30, 'ganjil'::semester_aktif, '16:10:00', '18:40:00', 'Senin'),
  (1, 2, 2, 1, 70, 2, 'KLS-159', 30, 'ganjil'::semester_aktif, '13:30:00', '16:00:00', 'Rabu'),
  (4, 2, 1, 7, 61, 2, 'KLS-160', 30, 'ganjil'::semester_aktif, '08:00:00', '10:30:00', 'Rabu'),
  (4, 2, 2, 8, 80, 2, 'KLS-161', 30, 'ganjil'::semester_aktif, '13:30:00', '16:00:00', 'Rabu'),
  (3, 2, 4, 3, 99, 2, 'KLS-162', 30, 'ganjil'::semester_aktif, '13:30:00', '16:00:00', 'Selasa'),
  (1, 3, 1, 8, 90, 2, 'KLS-163', 30, 'ganjil'::semester_aktif, '13:30:00', '16:00:00', 'Selasa'),
  (2, 3, 4, 4, 67, 2, 'KLS-164', 30, 'ganjil'::semester_aktif, '13:30:00', '16:00:00', 'Rabu'),
  (2, 1, 1, 4, 78, 2, 'KLS-165', 30, 'ganjil'::semester_aktif, '08:00:00', '10:30:00', 'Jumat'),
  (1, 2, 4, 1, 65, 2, 'KLS-166', 30, 'ganjil'::semester_aktif, '16:10:00', '18:40:00', 'Kamis'),
  (2, 1, 4, 6, 91, 2, 'KLS-167', 30, 'ganjil'::semester_aktif, '13:30:00', '16:00:00', 'Senin'),
  (3, 1, 1, 4, 80, 2, 'KLS-168', 30, 'ganjil'::semester_aktif, '13:30:00', '16:00:00', 'Senin'),
  (4, 2, 3, 5, 84, 2, 'KLS-169', 30, 'ganjil'::semester_aktif, '16:10:00', '18:40:00', 'Rabu'),
  (4, 1, 4, 3, 19, 2, 'KLS-170', 30, 'ganjil'::semester_aktif, '13:30:00', '16:00:00', 'Selasa'),
  (2, 3, 2, 7, 86, 2, 'KLS-171', 30, 'ganjil'::semester_aktif, '10:40:00', '13:10:00', 'Senin'),
  (2, 2, 3, 3, 86, 2, 'KLS-172', 30, 'ganjil'::semester_aktif, '13:30:00', '16:00:00', 'Kamis'),
  (2, 2, 3, 8, 94, 2, 'KLS-173', 30, 'ganjil'::semester_aktif, '16:10:00', '18:40:00', 'Jumat'),
  (1, 2, 3, 7, 82, 2, 'KLS-174', 30, 'ganjil'::semester_aktif, '16:10:00', '18:40:00', 'Jumat'),
  (1, 3, 2, 4, 40, 2, 'KLS-175', 30, 'ganjil'::semester_aktif, '16:10:00', '18:40:00', 'Rabu'),
  (3, 2, 1, 5, 13, 2, 'KLS-176', 30, 'ganjil'::semester_aktif, '13:30:00', '16:00:00', 'Rabu'),
  (3, 1, 4, 4, 23, 2, 'KLS-177', 30, 'ganjil'::semester_aktif, '13:30:00', '16:00:00', 'Jumat'),
  (3, 1, 1, 7, 14, 2, 'KLS-178', 30, 'ganjil'::semester_aktif, '16:10:00', '18:40:00', 'Rabu'),
  (3, 3, 4, 1, 82, 2, 'KLS-179', 30, 'ganjil'::semester_aktif, '13:30:00', '16:00:00', 'Jumat'),
  (1, 1, 4, 5, 27, 2, 'KLS-180', 30, 'ganjil'::semester_aktif, '08:00:00', '10:30:00', 'Senin'),
  (3, 3, 3, 5, 75, 2, 'KLS-181', 30, 'ganjil'::semester_aktif, '16:10:00', '18:40:00', 'Selasa'),
  (3, 1, 1, 5, 47, 2, 'KLS-182', 30, 'ganjil'::semester_aktif, '16:10:00', '18:40:00', 'Senin'),
  (4, 3, 3, 3, 64, 2, 'KLS-183', 30, 'ganjil'::semester_aktif, '13:30:00', '16:00:00', 'Kamis'),
  (2, 1, 1, 6, 84, 2, 'KLS-184', 30, 'ganjil'::semester_aktif, '16:10:00', '18:40:00', 'Rabu'),
  (1, 2, 4, 4, 38, 2, 'KLS-185', 30, 'ganjil'::semester_aktif, '10:40:00', '13:10:00', 'Rabu'),
  (3, 3, 4, 4, 23, 2, 'KLS-186', 30, 'ganjil'::semester_aktif, '10:40:00', '13:10:00', 'Rabu'),
  (2, 2, 2, 5, 77, 2, 'KLS-187', 30, 'ganjil'::semester_aktif, '10:40:00', '13:10:00', 'Selasa'),
  (1, 1, 2, 3, 68, 2, 'KLS-188', 30, 'ganjil'::semester_aktif, '08:00:00', '10:30:00', 'Jumat'),
  (1, 2, 2, 1, 43, 2, 'KLS-189', 30, 'ganjil'::semester_aktif, '10:40:00', '13:10:00', 'Kamis'),
  (3, 1, 2, 2, 67, 2, 'KLS-190', 30, 'ganjil'::semester_aktif, '10:40:00', '13:10:00', 'Selasa'),
  (3, 1, 3, 8, 69, 2, 'KLS-191', 30, 'ganjil'::semester_aktif, '08:00:00', '10:30:00', 'Selasa'),
  (1, 1, 1, 5, 34, 2, 'KLS-192', 30, 'ganjil'::semester_aktif, '13:30:00', '16:00:00', 'Jumat'),
  (1, 2, 1, 7, 15, 2, 'KLS-193', 30, 'ganjil'::semester_aktif, '13:30:00', '16:00:00', 'Rabu'),
  (1, 1, 4, 3, 89, 2, 'KLS-194', 30, 'ganjil'::semester_aktif, '08:00:00', '10:30:00', 'Selasa'),
  (2, 2, 1, 2, 36, 2, 'KLS-195', 30, 'ganjil'::semester_aktif, '10:40:00', '13:10:00', 'Kamis'),
  (1, 2, 1, 2, 42, 2, 'KLS-196', 30, 'ganjil'::semester_aktif, '08:00:00', '10:30:00', 'Kamis'),
  (4, 2, 3, 1, 18, 2, 'KLS-197', 30, 'ganjil'::semester_aktif, '13:30:00', '16:00:00', 'Selasa'),
  (2, 3, 3, 1, 61, 2, 'KLS-198', 30, 'ganjil'::semester_aktif, '13:30:00', '16:00:00', 'Rabu'),
  (2, 3, 1, 5, 46, 2, 'KLS-199', 30, 'ganjil'::semester_aktif, '10:40:00', '13:10:00', 'Kamis'),
  (4, 2, 1, 8, 96, 2, 'KLS-200', 30, 'ganjil'::semester_aktif, '08:00:00', '10:30:00', 'Selasa');

-- --- INSERT KRS HEADERS ---
INSERT INTO krs (id_mahasiswa, id_tahun_ajaran, semester_aktif, status_krs, catatan) VALUES
  (13, 2, 'ganjil'::semester_aktif, 'sah'::status_krs, 'KRS disetujui Dosen Wali'),
  (14, 2, 'ganjil'::semester_aktif, 'sah'::status_krs, 'KRS disetujui Dosen Wali'),
  (15, 2, 'ganjil'::semester_aktif, 'sah'::status_krs, 'KRS disetujui Dosen Wali'),
  (16, 2, 'ganjil'::semester_aktif, 'sah'::status_krs, 'KRS disetujui Dosen Wali'),
  (17, 2, 'ganjil'::semester_aktif, 'sah'::status_krs, 'KRS disetujui Dosen Wali'),
  (18, 2, 'ganjil'::semester_aktif, 'sah'::status_krs, 'KRS disetujui Dosen Wali'),
  (19, 2, 'ganjil'::semester_aktif, 'sah'::status_krs, 'KRS disetujui Dosen Wali'),
  (20, 2, 'ganjil'::semester_aktif, 'sah'::status_krs, 'KRS disetujui Dosen Wali'),
  (21, 2, 'ganjil'::semester_aktif, 'sah'::status_krs, 'KRS disetujui Dosen Wali'),
  (22, 2, 'ganjil'::semester_aktif, 'sah'::status_krs, 'KRS disetujui Dosen Wali'),
  (23, 2, 'ganjil'::semester_aktif, 'sah'::status_krs, 'KRS disetujui Dosen Wali'),
  (24, 2, 'ganjil'::semester_aktif, 'sah'::status_krs, 'KRS disetujui Dosen Wali'),
  (25, 2, 'ganjil'::semester_aktif, 'sah'::status_krs, 'KRS disetujui Dosen Wali'),
  (26, 2, 'ganjil'::semester_aktif, 'sah'::status_krs, 'KRS disetujui Dosen Wali'),
  (27, 2, 'ganjil'::semester_aktif, 'sah'::status_krs, 'KRS disetujui Dosen Wali'),
  (28, 2, 'ganjil'::semester_aktif, 'sah'::status_krs, 'KRS disetujui Dosen Wali'),
  (29, 2, 'ganjil'::semester_aktif, 'sah'::status_krs, 'KRS disetujui Dosen Wali'),
  (30, 2, 'ganjil'::semester_aktif, 'sah'::status_krs, 'KRS disetujui Dosen Wali'),
  (31, 2, 'ganjil'::semester_aktif, 'sah'::status_krs, 'KRS disetujui Dosen Wali'),
  (32, 2, 'ganjil'::semester_aktif, 'sah'::status_krs, 'KRS disetujui Dosen Wali'),
  (33, 2, 'ganjil'::semester_aktif, 'sah'::status_krs, 'KRS disetujui Dosen Wali'),
  (34, 2, 'ganjil'::semester_aktif, 'sah'::status_krs, 'KRS disetujui Dosen Wali'),
  (35, 2, 'ganjil'::semester_aktif, 'sah'::status_krs, 'KRS disetujui Dosen Wali'),
  (36, 2, 'ganjil'::semester_aktif, 'sah'::status_krs, 'KRS disetujui Dosen Wali'),
  (37, 2, 'ganjil'::semester_aktif, 'sah'::status_krs, 'KRS disetujui Dosen Wali'),
  (38, 2, 'ganjil'::semester_aktif, 'sah'::status_krs, 'KRS disetujui Dosen Wali'),
  (39, 2, 'ganjil'::semester_aktif, 'sah'::status_krs, 'KRS disetujui Dosen Wali'),
  (40, 2, 'ganjil'::semester_aktif, 'sah'::status_krs, 'KRS disetujui Dosen Wali'),
  (41, 2, 'ganjil'::semester_aktif, 'sah'::status_krs, 'KRS disetujui Dosen Wali'),
  (42, 2, 'ganjil'::semester_aktif, 'sah'::status_krs, 'KRS disetujui Dosen Wali'),
  (43, 2, 'ganjil'::semester_aktif, 'sah'::status_krs, 'KRS disetujui Dosen Wali'),
  (44, 2, 'ganjil'::semester_aktif, 'sah'::status_krs, 'KRS disetujui Dosen Wali'),
  (45, 2, 'ganjil'::semester_aktif, 'sah'::status_krs, 'KRS disetujui Dosen Wali'),
  (46, 2, 'ganjil'::semester_aktif, 'sah'::status_krs, 'KRS disetujui Dosen Wali'),
  (47, 2, 'ganjil'::semester_aktif, 'sah'::status_krs, 'KRS disetujui Dosen Wali'),
  (48, 2, 'ganjil'::semester_aktif, 'sah'::status_krs, 'KRS disetujui Dosen Wali'),
  (49, 2, 'ganjil'::semester_aktif, 'sah'::status_krs, 'KRS disetujui Dosen Wali'),
  (50, 2, 'ganjil'::semester_aktif, 'sah'::status_krs, 'KRS disetujui Dosen Wali'),
  (51, 2, 'ganjil'::semester_aktif, 'sah'::status_krs, 'KRS disetujui Dosen Wali'),
  (52, 2, 'ganjil'::semester_aktif, 'sah'::status_krs, 'KRS disetujui Dosen Wali'),
  (53, 2, 'ganjil'::semester_aktif, 'sah'::status_krs, 'KRS disetujui Dosen Wali'),
  (54, 2, 'ganjil'::semester_aktif, 'sah'::status_krs, 'KRS disetujui Dosen Wali'),
  (55, 2, 'ganjil'::semester_aktif, 'sah'::status_krs, 'KRS disetujui Dosen Wali'),
  (56, 2, 'ganjil'::semester_aktif, 'sah'::status_krs, 'KRS disetujui Dosen Wali'),
  (57, 2, 'ganjil'::semester_aktif, 'sah'::status_krs, 'KRS disetujui Dosen Wali'),
  (58, 2, 'ganjil'::semester_aktif, 'sah'::status_krs, 'KRS disetujui Dosen Wali'),
  (59, 2, 'ganjil'::semester_aktif, 'sah'::status_krs, 'KRS disetujui Dosen Wali'),
  (60, 2, 'ganjil'::semester_aktif, 'sah'::status_krs, 'KRS disetujui Dosen Wali'),
  (61, 2, 'ganjil'::semester_aktif, 'sah'::status_krs, 'KRS disetujui Dosen Wali'),
  (62, 2, 'ganjil'::semester_aktif, 'sah'::status_krs, 'KRS disetujui Dosen Wali'),
  (63, 2, 'ganjil'::semester_aktif, 'sah'::status_krs, 'KRS disetujui Dosen Wali'),
  (64, 2, 'ganjil'::semester_aktif, 'sah'::status_krs, 'KRS disetujui Dosen Wali'),
  (65, 2, 'ganjil'::semester_aktif, 'sah'::status_krs, 'KRS disetujui Dosen Wali'),
  (66, 2, 'ganjil'::semester_aktif, 'sah'::status_krs, 'KRS disetujui Dosen Wali'),
  (67, 2, 'ganjil'::semester_aktif, 'sah'::status_krs, 'KRS disetujui Dosen Wali'),
  (68, 2, 'ganjil'::semester_aktif, 'sah'::status_krs, 'KRS disetujui Dosen Wali'),
  (69, 2, 'ganjil'::semester_aktif, 'sah'::status_krs, 'KRS disetujui Dosen Wali'),
  (70, 2, 'ganjil'::semester_aktif, 'sah'::status_krs, 'KRS disetujui Dosen Wali'),
  (71, 2, 'ganjil'::semester_aktif, 'sah'::status_krs, 'KRS disetujui Dosen Wali'),
  (72, 2, 'ganjil'::semester_aktif, 'sah'::status_krs, 'KRS disetujui Dosen Wali'),
  (73, 2, 'ganjil'::semester_aktif, 'sah'::status_krs, 'KRS disetujui Dosen Wali'),
  (74, 2, 'ganjil'::semester_aktif, 'sah'::status_krs, 'KRS disetujui Dosen Wali'),
  (75, 2, 'ganjil'::semester_aktif, 'sah'::status_krs, 'KRS disetujui Dosen Wali'),
  (76, 2, 'ganjil'::semester_aktif, 'sah'::status_krs, 'KRS disetujui Dosen Wali'),
  (77, 2, 'ganjil'::semester_aktif, 'sah'::status_krs, 'KRS disetujui Dosen Wali'),
  (78, 2, 'ganjil'::semester_aktif, 'sah'::status_krs, 'KRS disetujui Dosen Wali'),
  (79, 2, 'ganjil'::semester_aktif, 'sah'::status_krs, 'KRS disetujui Dosen Wali'),
  (80, 2, 'ganjil'::semester_aktif, 'sah'::status_krs, 'KRS disetujui Dosen Wali'),
  (81, 2, 'ganjil'::semester_aktif, 'sah'::status_krs, 'KRS disetujui Dosen Wali'),
  (82, 2, 'ganjil'::semester_aktif, 'sah'::status_krs, 'KRS disetujui Dosen Wali'),
  (83, 2, 'ganjil'::semester_aktif, 'sah'::status_krs, 'KRS disetujui Dosen Wali'),
  (84, 2, 'ganjil'::semester_aktif, 'sah'::status_krs, 'KRS disetujui Dosen Wali'),
  (85, 2, 'ganjil'::semester_aktif, 'sah'::status_krs, 'KRS disetujui Dosen Wali'),
  (86, 2, 'ganjil'::semester_aktif, 'sah'::status_krs, 'KRS disetujui Dosen Wali'),
  (87, 2, 'ganjil'::semester_aktif, 'sah'::status_krs, 'KRS disetujui Dosen Wali'),
  (88, 2, 'ganjil'::semester_aktif, 'sah'::status_krs, 'KRS disetujui Dosen Wali'),
  (89, 2, 'ganjil'::semester_aktif, 'sah'::status_krs, 'KRS disetujui Dosen Wali'),
  (90, 2, 'ganjil'::semester_aktif, 'sah'::status_krs, 'KRS disetujui Dosen Wali'),
  (91, 2, 'ganjil'::semester_aktif, 'sah'::status_krs, 'KRS disetujui Dosen Wali'),
  (92, 2, 'ganjil'::semester_aktif, 'sah'::status_krs, 'KRS disetujui Dosen Wali'),
  (93, 2, 'ganjil'::semester_aktif, 'sah'::status_krs, 'KRS disetujui Dosen Wali'),
  (94, 2, 'ganjil'::semester_aktif, 'sah'::status_krs, 'KRS disetujui Dosen Wali'),
  (95, 2, 'ganjil'::semester_aktif, 'sah'::status_krs, 'KRS disetujui Dosen Wali'),
  (96, 2, 'ganjil'::semester_aktif, 'sah'::status_krs, 'KRS disetujui Dosen Wali'),
  (97, 2, 'ganjil'::semester_aktif, 'sah'::status_krs, 'KRS disetujui Dosen Wali'),
  (98, 2, 'ganjil'::semester_aktif, 'sah'::status_krs, 'KRS disetujui Dosen Wali'),
  (99, 2, 'ganjil'::semester_aktif, 'sah'::status_krs, 'KRS disetujui Dosen Wali'),
  (100, 2, 'ganjil'::semester_aktif, 'sah'::status_krs, 'KRS disetujui Dosen Wali'),
  (101, 2, 'ganjil'::semester_aktif, 'sah'::status_krs, 'KRS disetujui Dosen Wali'),
  (102, 2, 'ganjil'::semester_aktif, 'sah'::status_krs, 'KRS disetujui Dosen Wali'),
  (103, 2, 'ganjil'::semester_aktif, 'sah'::status_krs, 'KRS disetujui Dosen Wali'),
  (104, 2, 'ganjil'::semester_aktif, 'sah'::status_krs, 'KRS disetujui Dosen Wali'),
  (105, 2, 'ganjil'::semester_aktif, 'sah'::status_krs, 'KRS disetujui Dosen Wali'),
  (106, 2, 'ganjil'::semester_aktif, 'sah'::status_krs, 'KRS disetujui Dosen Wali'),
  (107, 2, 'ganjil'::semester_aktif, 'sah'::status_krs, 'KRS disetujui Dosen Wali'),
  (108, 2, 'ganjil'::semester_aktif, 'sah'::status_krs, 'KRS disetujui Dosen Wali'),
  (109, 2, 'ganjil'::semester_aktif, 'sah'::status_krs, 'KRS disetujui Dosen Wali'),
  (110, 2, 'ganjil'::semester_aktif, 'sah'::status_krs, 'KRS disetujui Dosen Wali'),
  (111, 2, 'ganjil'::semester_aktif, 'sah'::status_krs, 'KRS disetujui Dosen Wali'),
  (112, 2, 'ganjil'::semester_aktif, 'sah'::status_krs, 'KRS disetujui Dosen Wali');

-- --- INSERT DETAIL KRS ---
INSERT INTO detail_krs (id_krs, id_kelas, nilai_tugas, nilai_uts, nilai_uas) VALUES
  (13, 41, 91.53, 61.96, 92.95),
  (13, 68, 78.32, 79.26, 78.28),
  (14, 36, 90.00, 79.46, 65.66),
  (14, 59, 85.43, 75.15, 71.36),
  (15, 24, 84.66, 80.89, 66.54),
  (15, 66, 84.79, 71.79, 71.86),
  (16, 17, 65.96, 81.37, 86.91),
  (16, 87, 75.39, 76.05, 62.59),
  (17, 31, 92.97, 68.33, 63.59),
  (17, 76, 67.66, 94.71, 65.65),
  (18, 27, 93.28, 76.21, 88.65),
  (18, 54, 75.58, 62.07, 76.33),
  (19, 33, 76.88, 86.23, 77.13),
  (19, 81, 74.90, 92.23, 82.17),
  (20, 26, 67.97, 74.67, 88.84),
  (20, 89, 60.47, 68.02, 66.73),
  (21, 19, 64.05, 94.61, 84.84),
  (21, 69, 80.16, 84.77, 76.50),
  (22, 25, 72.45, 87.66, 62.91),
  (22, 84, 64.31, 71.18, 68.44),
  (23, 23, 86.21, 78.53, 77.92),
  (23, 91, 60.02, 78.68, 87.04),
  (24, 18, 61.23, 84.02, 77.98),
  (24, 63, 94.45, 70.20, 92.86),
  (25, 50, 79.46, 62.00, 84.67),
  (25, 75, 61.48, 73.05, 82.81),
  (26, 21, 63.23, 72.31, 87.22),
  (26, 70, 80.29, 87.71, 88.65),
  (27, 26, 72.14, 71.37, 94.36),
  (27, 91, 69.72, 60.73, 89.93),
  (28, 47, 71.75, 66.13, 82.55),
  (28, 66, 90.20, 88.09, 73.10),
  (29, 28, 61.86, 63.81, 79.03),
  (29, 84, 70.56, 70.43, 86.64),
  (30, 26, 76.24, 79.52, 77.23),
  (30, 63, 83.53, 64.78, 69.14),
  (31, 13, 89.47, 66.30, 81.81),
  (31, 83, 90.73, 63.61, 82.85),
  (32, 24, 70.83, 76.31, 90.16),
  (32, 82, 81.77, 81.91, 70.64),
  (33, 49, 89.31, 68.83, 94.94),
  (33, 62, 92.75, 65.43, 86.82),
  (34, 34, 61.46, 92.81, 73.42),
  (34, 91, 83.57, 71.07, 85.06),
  (35, 51, 78.73, 68.00, 79.23),
  (35, 59, 84.70, 81.39, 85.81),
  (36, 43, 64.92, 68.43, 66.09),
  (36, 59, 86.52, 81.73, 62.53),
  (37, 27, 80.49, 70.42, 62.97),
  (37, 87, 78.02, 93.50, 67.12),
  (38, 21, 76.78, 66.88, 69.79),
  (38, 81, 67.79, 61.71, 62.40),
  (39, 37, 66.50, 73.73, 78.56),
  (39, 82, 72.57, 79.24, 83.76),
  (40, 52, 60.86, 84.11, 78.76),
  (40, 65, 75.24, 70.58, 88.55),
  (41, 52, 88.78, 79.23, 89.51),
  (41, 60, 83.24, 75.27, 88.47),
  (42, 46, 62.40, 75.59, 60.18),
  (42, 78, 70.23, 83.69, 80.22),
  (43, 27, 80.15, 81.16, 61.05),
  (43, 73, 83.95, 86.53, 87.63),
  (44, 16, 91.87, 70.32, 94.57),
  (44, 60, 69.23, 65.35, 61.85),
  (45, 49, 90.57, 93.29, 60.07),
  (45, 85, 66.93, 65.10, 79.39),
  (46, 28, 94.04, 91.73, 72.51),
  (46, 68, 66.83, 62.82, 93.71),
  (47, 22, 66.81, 85.95, 81.40),
  (47, 65, 61.83, 72.99, 82.01),
  (48, 31, 60.15, 65.98, 74.22),
  (48, 60, 87.24, 85.80, 83.45),
  (49, 33, 83.99, 67.38, 78.90),
  (49, 77, 93.34, 61.45, 67.48),
  (50, 45, 81.55, 61.84, 70.73),
  (50, 70, 89.73, 70.23, 63.82),
  (51, 20, 63.35, 66.12, 76.64),
  (51, 55, 68.63, 91.04, 75.03),
  (52, 13, 60.09, 65.13, 77.68),
  (52, 65, 94.34, 80.59, 89.84),
  (53, 14, 87.91, 61.65, 82.62),
  (53, 76, 73.88, 80.47, 78.35),
  (54, 31, 66.84, 66.97, 94.41),
  (54, 54, 63.22, 86.75, 81.00),
  (55, 20, 91.09, 68.44, 68.51),
  (55, 88, 63.06, 79.44, 67.50),
  (56, 36, 64.59, 73.87, 71.19),
  (56, 91, 84.70, 82.85, 63.25),
  (57, 15, 89.95, 78.87, 89.93),
  (57, 64, 77.27, 69.75, 78.12),
  (58, 39, 76.89, 65.69, 93.71),
  (58, 58, 85.70, 69.34, 93.56),
  (59, 46, 72.77, 88.12, 80.14),
  (59, 59, 77.74, 68.98, 81.39),
  (60, 14, 79.91, 70.30, 93.52),
  (60, 78, 86.05, 91.20, 78.54),
  (61, 19, 80.91, 80.69, 68.05),
  (61, 84, 86.19, 60.34, 71.97),
  (62, 13, 83.37, 89.15, 76.27),
  (62, 80, 84.87, 60.72, 80.69),
  (63, 20, 78.54, 67.74, 86.37),
  (63, 77, 83.90, 92.41, 66.76),
  (64, 47, 85.49, 67.59, 92.38),
  (64, 68, 71.96, 89.51, 65.00),
  (65, 28, 75.79, 85.35, 73.65),
  (65, 58, 93.54, 79.48, 69.12),
  (66, 52, 92.42, 93.09, 71.94),
  (66, 68, 83.79, 62.88, 80.67),
  (67, 35, 85.33, 64.85, 91.51),
  (67, 69, 77.34, 81.09, 83.84),
  (68, 41, 66.05, 92.34, 82.52),
  (68, 87, 60.65, 63.55, 94.89),
  (69, 52, 69.36, 63.74, 69.13),
  (69, 61, 83.81, 64.17, 80.08),
  (70, 31, 70.48, 63.11, 83.36),
  (70, 71, 79.43, 76.25, 72.31),
  (71, 22, 84.64, 80.79, 86.19),
  (71, 84, 61.78, 77.31, 82.22),
  (72, 22, 92.73, 79.19, 81.63),
  (72, 86, 89.24, 71.37, 93.26),
  (73, 37, 77.62, 70.23, 77.22),
  (73, 56, 65.90, 63.65, 70.89),
  (74, 25, 80.67, 76.25, 77.09),
  (74, 81, 69.02, 64.21, 79.33),
  (75, 29, 73.69, 71.12, 63.88),
  (75, 71, 89.90, 61.02, 75.01),
  (76, 35, 65.10, 71.88, 80.96),
  (76, 92, 94.40, 65.75, 77.62),
  (77, 41, 77.53, 83.25, 78.43),
  (77, 84, 83.96, 94.05, 80.80),
  (78, 41, 89.80, 69.34, 74.22),
  (78, 64, 74.17, 78.16, 68.66),
  (79, 46, 93.97, 87.03, 74.61),
  (79, 79, 88.69, 85.13, 83.00),
  (80, 45, 76.81, 63.44, 83.84),
  (80, 76, 77.50, 94.35, 85.65),
  (81, 16, 65.71, 71.56, 89.35),
  (81, 86, 60.94, 76.42, 84.40),
  (82, 40, 72.36, 66.38, 83.49),
  (82, 53, 80.84, 76.07, 93.87),
  (83, 18, 65.19, 94.58, 85.23),
  (83, 81, 62.47, 63.23, 62.39),
  (84, 14, 75.91, 76.81, 75.65),
  (84, 69, 70.57, 67.69, 65.18),
  (85, 17, 62.87, 94.85, 82.15),
  (85, 86, 71.18, 86.39, 91.08),
  (86, 37, 63.57, 65.36, 89.73),
  (86, 60, 61.83, 91.47, 84.58),
  (87, 43, 60.24, 76.52, 78.75),
  (87, 68, 68.54, 91.14, 77.20),
  (88, 18, 74.29, 80.36, 70.39),
  (88, 84, 67.47, 71.06, 88.88),
  (89, 40, 77.61, 61.88, 71.88),
  (89, 61, 94.18, 63.99, 88.38),
  (90, 33, 76.14, 71.79, 71.77),
  (90, 69, 66.34, 75.80, 81.94),
  (91, 47, 71.57, 82.68, 81.02),
  (91, 81, 87.49, 69.35, 82.82),
  (92, 24, 94.65, 61.34, 67.05),
  (92, 54, 72.80, 61.82, 80.52),
  (93, 38, 85.13, 88.81, 86.99),
  (93, 57, 73.91, 91.39, 73.28),
  (94, 19, 69.67, 69.96, 83.08),
  (94, 55, 72.19, 73.08, 77.17),
  (95, 29, 71.98, 80.25, 61.88),
  (95, 71, 88.23, 74.20, 90.05),
  (96, 23, 88.25, 72.00, 75.79),
  (96, 86, 73.38, 94.56, 91.43),
  (97, 37, 61.44, 68.24, 65.30),
  (97, 76, 63.60, 88.32, 90.76),
  (98, 38, 67.58, 69.21, 87.11),
  (98, 92, 80.33, 75.61, 60.43),
  (99, 32, 68.74, 75.70, 70.71),
  (99, 81, 93.27, 66.37, 78.67),
  (100, 37, 75.65, 74.55, 60.79),
  (100, 55, 63.86, 65.63, 86.65),
  (101, 29, 92.85, 82.64, 69.83),
  (101, 56, 75.63, 72.78, 79.91),
  (102, 44, 77.03, 63.58, 64.08),
  (102, 61, 77.65, 65.94, 61.66),
  (103, 43, 78.30, 94.16, 80.20),
  (103, 74, 85.05, 89.25, 71.69),
  (104, 38, 60.30, 81.94, 80.95),
  (104, 64, 80.28, 77.23, 83.92),
  (105, 34, 79.77, 92.83, 83.82),
  (105, 64, 85.21, 82.42, 83.91),
  (106, 25, 93.99, 89.28, 83.77),
  (106, 74, 93.64, 66.11, 77.19),
  (107, 24, 78.63, 63.36, 83.75),
  (107, 68, 60.20, 64.02, 81.68),
  (108, 27, 75.20, 60.74, 82.61),
  (108, 89, 81.83, 87.86, 60.52),
  (109, 15, 85.82, 82.39, 90.97),
  (109, 70, 86.61, 90.89, 71.33),
  (110, 35, 80.84, 64.54, 66.41),
  (110, 61, 94.21, 68.05, 73.32),
  (111, 13, 68.22, 94.22, 64.91),
  (111, 60, 80.63, 63.56, 86.64),
  (112, 42, 94.27, 90.18, 85.34),
  (112, 87, 81.92, 69.53, 93.57);

-- --- INSERT TAGIHAN ---
INSERT INTO tagihan (id_mahasiswa, id_tahun_ajaran, semester_aktif, tipe_tagihan, nominal, status_tagihan, tenggat) VALUES
  (13, 2, 'ganjil'::semester_aktif, 'ukt'::tipe_tagihan, 4200000.00, 'lunas'::status_transaksi, '2025-07-31'),
  (14, 2, 'ganjil'::semester_aktif, 'ukt'::tipe_tagihan, 5000000.00, 'lunas'::status_transaksi, '2025-07-31'),
  (15, 2, 'ganjil'::semester_aktif, 'ukt'::tipe_tagihan, 4200000.00, 'lunas'::status_transaksi, '2025-07-31'),
  (16, 2, 'ganjil'::semester_aktif, 'ukt'::tipe_tagihan, 3500000.00, 'lunas'::status_transaksi, '2025-07-31'),
  (17, 2, 'ganjil'::semester_aktif, 'ukt'::tipe_tagihan, 5500000.00, 'lunas'::status_transaksi, '2025-07-31'),
  (18, 2, 'ganjil'::semester_aktif, 'ukt'::tipe_tagihan, 6000000.00, 'lunas'::status_transaksi, '2025-07-31'),
  (19, 2, 'ganjil'::semester_aktif, 'ukt'::tipe_tagihan, 5000000.00, 'lunas'::status_transaksi, '2025-07-31'),
  (20, 2, 'ganjil'::semester_aktif, 'ukt'::tipe_tagihan, 5000000.00, 'belum'::status_transaksi, '2025-07-31'),
  (21, 2, 'ganjil'::semester_aktif, 'ukt'::tipe_tagihan, 5000000.00, 'belum'::status_transaksi, '2025-07-31'),
  (22, 2, 'ganjil'::semester_aktif, 'ukt'::tipe_tagihan, 5000000.00, 'lunas'::status_transaksi, '2025-07-31'),
  (23, 2, 'ganjil'::semester_aktif, 'ukt'::tipe_tagihan, 6000000.00, 'belum'::status_transaksi, '2025-07-31'),
  (24, 2, 'ganjil'::semester_aktif, 'ukt'::tipe_tagihan, 4200000.00, 'lunas'::status_transaksi, '2025-07-31'),
  (25, 2, 'ganjil'::semester_aktif, 'ukt'::tipe_tagihan, 3500000.00, 'belum'::status_transaksi, '2025-07-31'),
  (26, 2, 'ganjil'::semester_aktif, 'ukt'::tipe_tagihan, 5000000.00, 'lunas'::status_transaksi, '2025-07-31'),
  (27, 2, 'ganjil'::semester_aktif, 'ukt'::tipe_tagihan, 3500000.00, 'belum'::status_transaksi, '2025-07-31'),
  (28, 2, 'ganjil'::semester_aktif, 'ukt'::tipe_tagihan, 6000000.00, 'belum'::status_transaksi, '2025-07-31'),
  (29, 2, 'ganjil'::semester_aktif, 'ukt'::tipe_tagihan, 3500000.00, 'belum'::status_transaksi, '2025-07-31'),
  (30, 2, 'ganjil'::semester_aktif, 'ukt'::tipe_tagihan, 6000000.00, 'belum'::status_transaksi, '2025-07-31'),
  (31, 2, 'ganjil'::semester_aktif, 'ukt'::tipe_tagihan, 5000000.00, 'lunas'::status_transaksi, '2025-07-31'),
  (32, 2, 'ganjil'::semester_aktif, 'ukt'::tipe_tagihan, 6000000.00, 'belum'::status_transaksi, '2025-07-31'),
  (33, 2, 'ganjil'::semester_aktif, 'ukt'::tipe_tagihan, 4200000.00, 'belum'::status_transaksi, '2025-07-31'),
  (34, 2, 'ganjil'::semester_aktif, 'ukt'::tipe_tagihan, 4200000.00, 'lunas'::status_transaksi, '2025-07-31'),
  (35, 2, 'ganjil'::semester_aktif, 'ukt'::tipe_tagihan, 3500000.00, 'lunas'::status_transaksi, '2025-07-31'),
  (36, 2, 'ganjil'::semester_aktif, 'ukt'::tipe_tagihan, 4200000.00, 'lunas'::status_transaksi, '2025-07-31'),
  (37, 2, 'ganjil'::semester_aktif, 'ukt'::tipe_tagihan, 6000000.00, 'lunas'::status_transaksi, '2025-07-31'),
  (38, 2, 'ganjil'::semester_aktif, 'ukt'::tipe_tagihan, 5000000.00, 'lunas'::status_transaksi, '2025-07-31'),
  (39, 2, 'ganjil'::semester_aktif, 'ukt'::tipe_tagihan, 6000000.00, 'lunas'::status_transaksi, '2025-07-31'),
  (40, 2, 'ganjil'::semester_aktif, 'ukt'::tipe_tagihan, 3500000.00, 'lunas'::status_transaksi, '2025-07-31'),
  (41, 2, 'ganjil'::semester_aktif, 'ukt'::tipe_tagihan, 4200000.00, 'belum'::status_transaksi, '2025-07-31'),
  (42, 2, 'ganjil'::semester_aktif, 'ukt'::tipe_tagihan, 5000000.00, 'lunas'::status_transaksi, '2025-07-31'),
  (43, 2, 'ganjil'::semester_aktif, 'ukt'::tipe_tagihan, 5000000.00, 'lunas'::status_transaksi, '2025-07-31'),
  (44, 2, 'ganjil'::semester_aktif, 'ukt'::tipe_tagihan, 5500000.00, 'lunas'::status_transaksi, '2025-07-31'),
  (45, 2, 'ganjil'::semester_aktif, 'ukt'::tipe_tagihan, 5000000.00, 'belum'::status_transaksi, '2025-07-31'),
  (46, 2, 'ganjil'::semester_aktif, 'ukt'::tipe_tagihan, 4200000.00, 'lunas'::status_transaksi, '2025-07-31'),
  (47, 2, 'ganjil'::semester_aktif, 'ukt'::tipe_tagihan, 5500000.00, 'lunas'::status_transaksi, '2025-07-31'),
  (48, 2, 'ganjil'::semester_aktif, 'ukt'::tipe_tagihan, 6000000.00, 'lunas'::status_transaksi, '2025-07-31'),
  (49, 2, 'ganjil'::semester_aktif, 'ukt'::tipe_tagihan, 6000000.00, 'lunas'::status_transaksi, '2025-07-31'),
  (50, 2, 'ganjil'::semester_aktif, 'ukt'::tipe_tagihan, 5000000.00, 'lunas'::status_transaksi, '2025-07-31'),
  (51, 2, 'ganjil'::semester_aktif, 'ukt'::tipe_tagihan, 6000000.00, 'lunas'::status_transaksi, '2025-07-31'),
  (52, 2, 'ganjil'::semester_aktif, 'ukt'::tipe_tagihan, 3500000.00, 'belum'::status_transaksi, '2025-07-31'),
  (53, 2, 'ganjil'::semester_aktif, 'ukt'::tipe_tagihan, 5000000.00, 'lunas'::status_transaksi, '2025-07-31'),
  (54, 2, 'ganjil'::semester_aktif, 'ukt'::tipe_tagihan, 5500000.00, 'lunas'::status_transaksi, '2025-07-31'),
  (55, 2, 'ganjil'::semester_aktif, 'ukt'::tipe_tagihan, 6000000.00, 'belum'::status_transaksi, '2025-07-31'),
  (56, 2, 'ganjil'::semester_aktif, 'ukt'::tipe_tagihan, 3500000.00, 'belum'::status_transaksi, '2025-07-31'),
  (57, 2, 'ganjil'::semester_aktif, 'ukt'::tipe_tagihan, 5500000.00, 'lunas'::status_transaksi, '2025-07-31'),
  (58, 2, 'ganjil'::semester_aktif, 'ukt'::tipe_tagihan, 5500000.00, 'lunas'::status_transaksi, '2025-07-31'),
  (59, 2, 'ganjil'::semester_aktif, 'ukt'::tipe_tagihan, 5500000.00, 'lunas'::status_transaksi, '2025-07-31'),
  (60, 2, 'ganjil'::semester_aktif, 'ukt'::tipe_tagihan, 4200000.00, 'lunas'::status_transaksi, '2025-07-31'),
  (61, 2, 'ganjil'::semester_aktif, 'ukt'::tipe_tagihan, 3500000.00, 'lunas'::status_transaksi, '2025-07-31'),
  (62, 2, 'ganjil'::semester_aktif, 'ukt'::tipe_tagihan, 4200000.00, 'lunas'::status_transaksi, '2025-07-31'),
  (63, 2, 'ganjil'::semester_aktif, 'ukt'::tipe_tagihan, 5500000.00, 'belum'::status_transaksi, '2025-07-31'),
  (64, 2, 'ganjil'::semester_aktif, 'ukt'::tipe_tagihan, 5500000.00, 'lunas'::status_transaksi, '2025-07-31'),
  (65, 2, 'ganjil'::semester_aktif, 'ukt'::tipe_tagihan, 4200000.00, 'lunas'::status_transaksi, '2025-07-31'),
  (66, 2, 'ganjil'::semester_aktif, 'ukt'::tipe_tagihan, 5500000.00, 'belum'::status_transaksi, '2025-07-31'),
  (67, 2, 'ganjil'::semester_aktif, 'ukt'::tipe_tagihan, 5000000.00, 'belum'::status_transaksi, '2025-07-31'),
  (68, 2, 'ganjil'::semester_aktif, 'ukt'::tipe_tagihan, 6000000.00, 'lunas'::status_transaksi, '2025-07-31'),
  (69, 2, 'ganjil'::semester_aktif, 'ukt'::tipe_tagihan, 4200000.00, 'lunas'::status_transaksi, '2025-07-31'),
  (70, 2, 'ganjil'::semester_aktif, 'ukt'::tipe_tagihan, 3500000.00, 'lunas'::status_transaksi, '2025-07-31'),
  (71, 2, 'ganjil'::semester_aktif, 'ukt'::tipe_tagihan, 5500000.00, 'belum'::status_transaksi, '2025-07-31'),
  (72, 2, 'ganjil'::semester_aktif, 'ukt'::tipe_tagihan, 4200000.00, 'lunas'::status_transaksi, '2025-07-31'),
  (73, 2, 'ganjil'::semester_aktif, 'ukt'::tipe_tagihan, 5500000.00, 'lunas'::status_transaksi, '2025-07-31'),
  (74, 2, 'ganjil'::semester_aktif, 'ukt'::tipe_tagihan, 4200000.00, 'lunas'::status_transaksi, '2025-07-31'),
  (75, 2, 'ganjil'::semester_aktif, 'ukt'::tipe_tagihan, 5000000.00, 'belum'::status_transaksi, '2025-07-31'),
  (76, 2, 'ganjil'::semester_aktif, 'ukt'::tipe_tagihan, 5500000.00, 'belum'::status_transaksi, '2025-07-31'),
  (77, 2, 'ganjil'::semester_aktif, 'ukt'::tipe_tagihan, 5500000.00, 'lunas'::status_transaksi, '2025-07-31'),
  (78, 2, 'ganjil'::semester_aktif, 'ukt'::tipe_tagihan, 3500000.00, 'lunas'::status_transaksi, '2025-07-31'),
  (79, 2, 'ganjil'::semester_aktif, 'ukt'::tipe_tagihan, 6000000.00, 'lunas'::status_transaksi, '2025-07-31'),
  (80, 2, 'ganjil'::semester_aktif, 'ukt'::tipe_tagihan, 5500000.00, 'belum'::status_transaksi, '2025-07-31'),
  (81, 2, 'ganjil'::semester_aktif, 'ukt'::tipe_tagihan, 5000000.00, 'lunas'::status_transaksi, '2025-07-31'),
  (82, 2, 'ganjil'::semester_aktif, 'ukt'::tipe_tagihan, 5000000.00, 'lunas'::status_transaksi, '2025-07-31'),
  (83, 2, 'ganjil'::semester_aktif, 'ukt'::tipe_tagihan, 4200000.00, 'lunas'::status_transaksi, '2025-07-31'),
  (84, 2, 'ganjil'::semester_aktif, 'ukt'::tipe_tagihan, 3500000.00, 'belum'::status_transaksi, '2025-07-31'),
  (85, 2, 'ganjil'::semester_aktif, 'ukt'::tipe_tagihan, 5500000.00, 'lunas'::status_transaksi, '2025-07-31'),
  (86, 2, 'ganjil'::semester_aktif, 'ukt'::tipe_tagihan, 5500000.00, 'belum'::status_transaksi, '2025-07-31'),
  (87, 2, 'ganjil'::semester_aktif, 'ukt'::tipe_tagihan, 3500000.00, 'belum'::status_transaksi, '2025-07-31'),
  (88, 2, 'ganjil'::semester_aktif, 'ukt'::tipe_tagihan, 5000000.00, 'belum'::status_transaksi, '2025-07-31'),
  (89, 2, 'ganjil'::semester_aktif, 'ukt'::tipe_tagihan, 5500000.00, 'lunas'::status_transaksi, '2025-07-31'),
  (90, 2, 'ganjil'::semester_aktif, 'ukt'::tipe_tagihan, 6000000.00, 'belum'::status_transaksi, '2025-07-31'),
  (91, 2, 'ganjil'::semester_aktif, 'ukt'::tipe_tagihan, 5500000.00, 'lunas'::status_transaksi, '2025-07-31'),
  (92, 2, 'ganjil'::semester_aktif, 'ukt'::tipe_tagihan, 3500000.00, 'lunas'::status_transaksi, '2025-07-31'),
  (93, 2, 'ganjil'::semester_aktif, 'ukt'::tipe_tagihan, 5500000.00, 'lunas'::status_transaksi, '2025-07-31'),
  (94, 2, 'ganjil'::semester_aktif, 'ukt'::tipe_tagihan, 3500000.00, 'belum'::status_transaksi, '2025-07-31'),
  (95, 2, 'ganjil'::semester_aktif, 'ukt'::tipe_tagihan, 6000000.00, 'lunas'::status_transaksi, '2025-07-31'),
  (96, 2, 'ganjil'::semester_aktif, 'ukt'::tipe_tagihan, 5500000.00, 'lunas'::status_transaksi, '2025-07-31'),
  (97, 2, 'ganjil'::semester_aktif, 'ukt'::tipe_tagihan, 5500000.00, 'lunas'::status_transaksi, '2025-07-31'),
  (98, 2, 'ganjil'::semester_aktif, 'ukt'::tipe_tagihan, 5000000.00, 'belum'::status_transaksi, '2025-07-31'),
  (99, 2, 'ganjil'::semester_aktif, 'ukt'::tipe_tagihan, 5000000.00, 'lunas'::status_transaksi, '2025-07-31'),
  (100, 2, 'ganjil'::semester_aktif, 'ukt'::tipe_tagihan, 3500000.00, 'lunas'::status_transaksi, '2025-07-31'),
  (101, 2, 'ganjil'::semester_aktif, 'ukt'::tipe_tagihan, 4200000.00, 'lunas'::status_transaksi, '2025-07-31'),
  (102, 2, 'ganjil'::semester_aktif, 'ukt'::tipe_tagihan, 3500000.00, 'lunas'::status_transaksi, '2025-07-31'),
  (103, 2, 'ganjil'::semester_aktif, 'ukt'::tipe_tagihan, 5000000.00, 'lunas'::status_transaksi, '2025-07-31'),
  (104, 2, 'ganjil'::semester_aktif, 'ukt'::tipe_tagihan, 3500000.00, 'lunas'::status_transaksi, '2025-07-31'),
  (105, 2, 'ganjil'::semester_aktif, 'ukt'::tipe_tagihan, 4200000.00, 'lunas'::status_transaksi, '2025-07-31'),
  (106, 2, 'ganjil'::semester_aktif, 'ukt'::tipe_tagihan, 4200000.00, 'belum'::status_transaksi, '2025-07-31'),
  (107, 2, 'ganjil'::semester_aktif, 'ukt'::tipe_tagihan, 5000000.00, 'belum'::status_transaksi, '2025-07-31'),
  (108, 2, 'ganjil'::semester_aktif, 'ukt'::tipe_tagihan, 5000000.00, 'belum'::status_transaksi, '2025-07-31'),
  (109, 2, 'ganjil'::semester_aktif, 'ukt'::tipe_tagihan, 6000000.00, 'belum'::status_transaksi, '2025-07-31'),
  (110, 2, 'ganjil'::semester_aktif, 'ukt'::tipe_tagihan, 4200000.00, 'belum'::status_transaksi, '2025-07-31'),
  (111, 2, 'ganjil'::semester_aktif, 'ukt'::tipe_tagihan, 5500000.00, 'belum'::status_transaksi, '2025-07-31'),
  (112, 2, 'ganjil'::semester_aktif, 'ukt'::tipe_tagihan, 6000000.00, 'lunas'::status_transaksi, '2025-07-31');

-- --- INSERT PEMBAYARAN ---
INSERT INTO pembayaran (id_tagihan, nominal_bayar, status_pembayaran) VALUES
  (12, (SELECT nominal FROM tagihan WHERE id_tagihan = 12), 'lunas'::status_transaksi),
  (13, (SELECT nominal FROM tagihan WHERE id_tagihan = 13), 'lunas'::status_transaksi),
  (14, (SELECT nominal FROM tagihan WHERE id_tagihan = 14), 'lunas'::status_transaksi),
  (15, (SELECT nominal FROM tagihan WHERE id_tagihan = 15), 'lunas'::status_transaksi),
  (16, (SELECT nominal FROM tagihan WHERE id_tagihan = 16), 'lunas'::status_transaksi),
  (17, (SELECT nominal FROM tagihan WHERE id_tagihan = 17), 'lunas'::status_transaksi),
  (18, (SELECT nominal FROM tagihan WHERE id_tagihan = 18), 'lunas'::status_transaksi),
  (19, (SELECT nominal FROM tagihan WHERE id_tagihan = 19), 'lunas'::status_transaksi),
  (20, (SELECT nominal FROM tagihan WHERE id_tagihan = 20), 'lunas'::status_transaksi),
  (21, (SELECT nominal FROM tagihan WHERE id_tagihan = 21), 'lunas'::status_transaksi),
  (22, (SELECT nominal FROM tagihan WHERE id_tagihan = 22), 'lunas'::status_transaksi),
  (23, (SELECT nominal FROM tagihan WHERE id_tagihan = 23), 'lunas'::status_transaksi),
  (24, (SELECT nominal FROM tagihan WHERE id_tagihan = 24), 'lunas'::status_transaksi),
  (25, (SELECT nominal FROM tagihan WHERE id_tagihan = 25), 'lunas'::status_transaksi),
  (26, (SELECT nominal FROM tagihan WHERE id_tagihan = 26), 'lunas'::status_transaksi),
  (27, (SELECT nominal FROM tagihan WHERE id_tagihan = 27), 'lunas'::status_transaksi),
  (28, (SELECT nominal FROM tagihan WHERE id_tagihan = 28), 'lunas'::status_transaksi),
  (29, (SELECT nominal FROM tagihan WHERE id_tagihan = 29), 'lunas'::status_transaksi),
  (30, (SELECT nominal FROM tagihan WHERE id_tagihan = 30), 'lunas'::status_transaksi),
  (31, (SELECT nominal FROM tagihan WHERE id_tagihan = 31), 'lunas'::status_transaksi),
  (32, (SELECT nominal FROM tagihan WHERE id_tagihan = 32), 'lunas'::status_transaksi),
  (33, (SELECT nominal FROM tagihan WHERE id_tagihan = 33), 'lunas'::status_transaksi),
  (34, (SELECT nominal FROM tagihan WHERE id_tagihan = 34), 'lunas'::status_transaksi),
  (35, (SELECT nominal FROM tagihan WHERE id_tagihan = 35), 'lunas'::status_transaksi),
  (36, (SELECT nominal FROM tagihan WHERE id_tagihan = 36), 'lunas'::status_transaksi),
  (37, (SELECT nominal FROM tagihan WHERE id_tagihan = 37), 'lunas'::status_transaksi),
  (38, (SELECT nominal FROM tagihan WHERE id_tagihan = 38), 'lunas'::status_transaksi),
  (39, (SELECT nominal FROM tagihan WHERE id_tagihan = 39), 'lunas'::status_transaksi),
  (40, (SELECT nominal FROM tagihan WHERE id_tagihan = 40), 'lunas'::status_transaksi),
  (41, (SELECT nominal FROM tagihan WHERE id_tagihan = 41), 'lunas'::status_transaksi),
  (42, (SELECT nominal FROM tagihan WHERE id_tagihan = 42), 'lunas'::status_transaksi),
  (43, (SELECT nominal FROM tagihan WHERE id_tagihan = 43), 'lunas'::status_transaksi),
  (44, (SELECT nominal FROM tagihan WHERE id_tagihan = 44), 'lunas'::status_transaksi),
  (45, (SELECT nominal FROM tagihan WHERE id_tagihan = 45), 'lunas'::status_transaksi),
  (46, (SELECT nominal FROM tagihan WHERE id_tagihan = 46), 'lunas'::status_transaksi),
  (47, (SELECT nominal FROM tagihan WHERE id_tagihan = 47), 'lunas'::status_transaksi),
  (48, (SELECT nominal FROM tagihan WHERE id_tagihan = 48), 'lunas'::status_transaksi),
  (49, (SELECT nominal FROM tagihan WHERE id_tagihan = 49), 'lunas'::status_transaksi),
  (50, (SELECT nominal FROM tagihan WHERE id_tagihan = 50), 'lunas'::status_transaksi),
  (51, (SELECT nominal FROM tagihan WHERE id_tagihan = 51), 'lunas'::status_transaksi),
  (52, (SELECT nominal FROM tagihan WHERE id_tagihan = 52), 'lunas'::status_transaksi),
  (53, (SELECT nominal FROM tagihan WHERE id_tagihan = 53), 'lunas'::status_transaksi),
  (54, (SELECT nominal FROM tagihan WHERE id_tagihan = 54), 'lunas'::status_transaksi),
  (55, (SELECT nominal FROM tagihan WHERE id_tagihan = 55), 'lunas'::status_transaksi),
  (56, (SELECT nominal FROM tagihan WHERE id_tagihan = 56), 'lunas'::status_transaksi),
  (57, (SELECT nominal FROM tagihan WHERE id_tagihan = 57), 'lunas'::status_transaksi),
  (58, (SELECT nominal FROM tagihan WHERE id_tagihan = 58), 'lunas'::status_transaksi),
  (59, (SELECT nominal FROM tagihan WHERE id_tagihan = 59), 'lunas'::status_transaksi),
  (60, (SELECT nominal FROM tagihan WHERE id_tagihan = 60), 'lunas'::status_transaksi),
  (61, (SELECT nominal FROM tagihan WHERE id_tagihan = 61), 'lunas'::status_transaksi),
  (62, (SELECT nominal FROM tagihan WHERE id_tagihan = 62), 'lunas'::status_transaksi),
  (63, (SELECT nominal FROM tagihan WHERE id_tagihan = 63), 'lunas'::status_transaksi),
  (64, (SELECT nominal FROM tagihan WHERE id_tagihan = 64), 'lunas'::status_transaksi),
  (65, (SELECT nominal FROM tagihan WHERE id_tagihan = 65), 'lunas'::status_transaksi),
  (66, (SELECT nominal FROM tagihan WHERE id_tagihan = 66), 'lunas'::status_transaksi),
  (67, (SELECT nominal FROM tagihan WHERE id_tagihan = 67), 'lunas'::status_transaksi),
  (68, (SELECT nominal FROM tagihan WHERE id_tagihan = 68), 'lunas'::status_transaksi),
  (69, (SELECT nominal FROM tagihan WHERE id_tagihan = 69), 'lunas'::status_transaksi),
  (70, (SELECT nominal FROM tagihan WHERE id_tagihan = 70), 'lunas'::status_transaksi),
  (71, (SELECT nominal FROM tagihan WHERE id_tagihan = 71), 'lunas'::status_transaksi),
  (72, (SELECT nominal FROM tagihan WHERE id_tagihan = 72), 'lunas'::status_transaksi),
  (73, (SELECT nominal FROM tagihan WHERE id_tagihan = 73), 'lunas'::status_transaksi),
  (74, (SELECT nominal FROM tagihan WHERE id_tagihan = 74), 'lunas'::status_transaksi),
  (75, (SELECT nominal FROM tagihan WHERE id_tagihan = 75), 'lunas'::status_transaksi),
  (76, (SELECT nominal FROM tagihan WHERE id_tagihan = 76), 'lunas'::status_transaksi),
  (77, (SELECT nominal FROM tagihan WHERE id_tagihan = 77), 'lunas'::status_transaksi),
  (78, (SELECT nominal FROM tagihan WHERE id_tagihan = 78), 'lunas'::status_transaksi),
  (79, (SELECT nominal FROM tagihan WHERE id_tagihan = 79), 'lunas'::status_transaksi),
  (80, (SELECT nominal FROM tagihan WHERE id_tagihan = 80), 'lunas'::status_transaksi),
  (81, (SELECT nominal FROM tagihan WHERE id_tagihan = 81), 'lunas'::status_transaksi),
  (82, (SELECT nominal FROM tagihan WHERE id_tagihan = 82), 'lunas'::status_transaksi),
  (83, (SELECT nominal FROM tagihan WHERE id_tagihan = 83), 'lunas'::status_transaksi),
  (84, (SELECT nominal FROM tagihan WHERE id_tagihan = 84), 'lunas'::status_transaksi),
  (85, (SELECT nominal FROM tagihan WHERE id_tagihan = 85), 'lunas'::status_transaksi),
  (86, (SELECT nominal FROM tagihan WHERE id_tagihan = 86), 'lunas'::status_transaksi),
  (87, (SELECT nominal FROM tagihan WHERE id_tagihan = 87), 'lunas'::status_transaksi),
  (88, (SELECT nominal FROM tagihan WHERE id_tagihan = 88), 'lunas'::status_transaksi),
  (89, (SELECT nominal FROM tagihan WHERE id_tagihan = 89), 'lunas'::status_transaksi),
  (90, (SELECT nominal FROM tagihan WHERE id_tagihan = 90), 'lunas'::status_transaksi),
  (91, (SELECT nominal FROM tagihan WHERE id_tagihan = 91), 'lunas'::status_transaksi),
  (92, (SELECT nominal FROM tagihan WHERE id_tagihan = 92), 'lunas'::status_transaksi),
  (93, (SELECT nominal FROM tagihan WHERE id_tagihan = 93), 'lunas'::status_transaksi),
  (94, (SELECT nominal FROM tagihan WHERE id_tagihan = 94), 'lunas'::status_transaksi),
  (95, (SELECT nominal FROM tagihan WHERE id_tagihan = 95), 'lunas'::status_transaksi),
  (96, (SELECT nominal FROM tagihan WHERE id_tagihan = 96), 'lunas'::status_transaksi),
  (97, (SELECT nominal FROM tagihan WHERE id_tagihan = 97), 'lunas'::status_transaksi),
  (98, (SELECT nominal FROM tagihan WHERE id_tagihan = 98), 'lunas'::status_transaksi),
  (99, (SELECT nominal FROM tagihan WHERE id_tagihan = 99), 'lunas'::status_transaksi),
  (100, (SELECT nominal FROM tagihan WHERE id_tagihan = 100), 'lunas'::status_transaksi),
  (101, (SELECT nominal FROM tagihan WHERE id_tagihan = 101), 'lunas'::status_transaksi),
  (102, (SELECT nominal FROM tagihan WHERE id_tagihan = 102), 'lunas'::status_transaksi),
  (103, (SELECT nominal FROM tagihan WHERE id_tagihan = 103), 'lunas'::status_transaksi),
  (104, (SELECT nominal FROM tagihan WHERE id_tagihan = 104), 'lunas'::status_transaksi),
  (105, (SELECT nominal FROM tagihan WHERE id_tagihan = 105), 'lunas'::status_transaksi),
  (106, (SELECT nominal FROM tagihan WHERE id_tagihan = 106), 'lunas'::status_transaksi),
  (107, (SELECT nominal FROM tagihan WHERE id_tagihan = 107), 'lunas'::status_transaksi),
  (108, (SELECT nominal FROM tagihan WHERE id_tagihan = 108), 'lunas'::status_transaksi),
  (109, (SELECT nominal FROM tagihan WHERE id_tagihan = 109), 'lunas'::status_transaksi),
  (110, (SELECT nominal FROM tagihan WHERE id_tagihan = 110), 'lunas'::status_transaksi),
  (111, (SELECT nominal FROM tagihan WHERE id_tagihan = 111), 'lunas'::status_transaksi);

-- --- INSERT LOG AKTIVITAS ---
INSERT INTO log_aktivitas (id_user, ip_address, aktivitas) VALUES
  (111, '127.0.0.1', 'Mengisi KRS dan memvalidasi kelayakan KRS'),
  (112, '127.0.0.1', 'Mengisi KRS dan memvalidasi kelayakan KRS'),
  (113, '127.0.0.1', 'Mengisi KRS dan memvalidasi kelayakan KRS'),
  (114, '127.0.0.1', 'Mengisi KRS dan memvalidasi kelayakan KRS'),
  (115, '127.0.0.1', 'Mengisi KRS dan memvalidasi kelayakan KRS'),
  (116, '127.0.0.1', 'Mengisi KRS dan memvalidasi kelayakan KRS'),
  (117, '127.0.0.1', 'Mengisi KRS dan memvalidasi kelayakan KRS'),
  (118, '127.0.0.1', 'Mengisi KRS dan memvalidasi kelayakan KRS'),
  (119, '127.0.0.1', 'Mengisi KRS dan memvalidasi kelayakan KRS'),
  (120, '127.0.0.1', 'Mengisi KRS dan memvalidasi kelayakan KRS'),
  (121, '127.0.0.1', 'Mengisi KRS dan memvalidasi kelayakan KRS'),
  (122, '127.0.0.1', 'Mengisi KRS dan memvalidasi kelayakan KRS'),
  (123, '127.0.0.1', 'Mengisi KRS dan memvalidasi kelayakan KRS'),
  (124, '127.0.0.1', 'Mengisi KRS dan memvalidasi kelayakan KRS'),
  (125, '127.0.0.1', 'Mengisi KRS dan memvalidasi kelayakan KRS'),
  (126, '127.0.0.1', 'Mengisi KRS dan memvalidasi kelayakan KRS'),
  (127, '127.0.0.1', 'Mengisi KRS dan memvalidasi kelayakan KRS'),
  (128, '127.0.0.1', 'Mengisi KRS dan memvalidasi kelayakan KRS'),
  (129, '127.0.0.1', 'Mengisi KRS dan memvalidasi kelayakan KRS'),
  (130, '127.0.0.1', 'Mengisi KRS dan memvalidasi kelayakan KRS'),
  (131, '127.0.0.1', 'Mengisi KRS dan memvalidasi kelayakan KRS'),
  (132, '127.0.0.1', 'Mengisi KRS dan memvalidasi kelayakan KRS'),
  (133, '127.0.0.1', 'Mengisi KRS dan memvalidasi kelayakan KRS'),
  (134, '127.0.0.1', 'Mengisi KRS dan memvalidasi kelayakan KRS'),
  (135, '127.0.0.1', 'Mengisi KRS dan memvalidasi kelayakan KRS'),
  (136, '127.0.0.1', 'Mengisi KRS dan memvalidasi kelayakan KRS'),
  (137, '127.0.0.1', 'Mengisi KRS dan memvalidasi kelayakan KRS'),
  (138, '127.0.0.1', 'Mengisi KRS dan memvalidasi kelayakan KRS'),
  (139, '127.0.0.1', 'Mengisi KRS dan memvalidasi kelayakan KRS'),
  (140, '127.0.0.1', 'Mengisi KRS dan memvalidasi kelayakan KRS'),
  (141, '127.0.0.1', 'Mengisi KRS dan memvalidasi kelayakan KRS'),
  (142, '127.0.0.1', 'Mengisi KRS dan memvalidasi kelayakan KRS'),
  (143, '127.0.0.1', 'Mengisi KRS dan memvalidasi kelayakan KRS'),
  (144, '127.0.0.1', 'Mengisi KRS dan memvalidasi kelayakan KRS'),
  (145, '127.0.0.1', 'Mengisi KRS dan memvalidasi kelayakan KRS'),
  (146, '127.0.0.1', 'Mengisi KRS dan memvalidasi kelayakan KRS'),
  (147, '127.0.0.1', 'Mengisi KRS dan memvalidasi kelayakan KRS'),
  (148, '127.0.0.1', 'Mengisi KRS dan memvalidasi kelayakan KRS'),
  (149, '127.0.0.1', 'Mengisi KRS dan memvalidasi kelayakan KRS'),
  (150, '127.0.0.1', 'Mengisi KRS dan memvalidasi kelayakan KRS'),
  (151, '127.0.0.1', 'Mengisi KRS dan memvalidasi kelayakan KRS'),
  (152, '127.0.0.1', 'Mengisi KRS dan memvalidasi kelayakan KRS'),
  (153, '127.0.0.1', 'Mengisi KRS dan memvalidasi kelayakan KRS'),
  (154, '127.0.0.1', 'Mengisi KRS dan memvalidasi kelayakan KRS'),
  (155, '127.0.0.1', 'Mengisi KRS dan memvalidasi kelayakan KRS'),
  (156, '127.0.0.1', 'Mengisi KRS dan memvalidasi kelayakan KRS'),
  (157, '127.0.0.1', 'Mengisi KRS dan memvalidasi kelayakan KRS'),
  (158, '127.0.0.1', 'Mengisi KRS dan memvalidasi kelayakan KRS'),
  (159, '127.0.0.1', 'Mengisi KRS dan memvalidasi kelayakan KRS'),
  (160, '127.0.0.1', 'Mengisi KRS dan memvalidasi kelayakan KRS'),
  (161, '127.0.0.1', 'Mengisi KRS dan memvalidasi kelayakan KRS'),
  (162, '127.0.0.1', 'Mengisi KRS dan memvalidasi kelayakan KRS'),
  (163, '127.0.0.1', 'Mengisi KRS dan memvalidasi kelayakan KRS'),
  (164, '127.0.0.1', 'Mengisi KRS dan memvalidasi kelayakan KRS'),
  (165, '127.0.0.1', 'Mengisi KRS dan memvalidasi kelayakan KRS'),
  (166, '127.0.0.1', 'Mengisi KRS dan memvalidasi kelayakan KRS'),
  (167, '127.0.0.1', 'Mengisi KRS dan memvalidasi kelayakan KRS'),
  (168, '127.0.0.1', 'Mengisi KRS dan memvalidasi kelayakan KRS'),
  (169, '127.0.0.1', 'Mengisi KRS dan memvalidasi kelayakan KRS'),
  (170, '127.0.0.1', 'Mengisi KRS dan memvalidasi kelayakan KRS'),
  (171, '127.0.0.1', 'Mengisi KRS dan memvalidasi kelayakan KRS'),
  (172, '127.0.0.1', 'Mengisi KRS dan memvalidasi kelayakan KRS'),
  (173, '127.0.0.1', 'Mengisi KRS dan memvalidasi kelayakan KRS'),
  (174, '127.0.0.1', 'Mengisi KRS dan memvalidasi kelayakan KRS'),
  (175, '127.0.0.1', 'Mengisi KRS dan memvalidasi kelayakan KRS'),
  (176, '127.0.0.1', 'Mengisi KRS dan memvalidasi kelayakan KRS'),
  (177, '127.0.0.1', 'Mengisi KRS dan memvalidasi kelayakan KRS'),
  (178, '127.0.0.1', 'Mengisi KRS dan memvalidasi kelayakan KRS'),
  (179, '127.0.0.1', 'Mengisi KRS dan memvalidasi kelayakan KRS'),
  (180, '127.0.0.1', 'Mengisi KRS dan memvalidasi kelayakan KRS'),
  (181, '127.0.0.1', 'Mengisi KRS dan memvalidasi kelayakan KRS'),
  (182, '127.0.0.1', 'Mengisi KRS dan memvalidasi kelayakan KRS'),
  (183, '127.0.0.1', 'Mengisi KRS dan memvalidasi kelayakan KRS'),
  (184, '127.0.0.1', 'Mengisi KRS dan memvalidasi kelayakan KRS'),
  (185, '127.0.0.1', 'Mengisi KRS dan memvalidasi kelayakan KRS'),
  (186, '127.0.0.1', 'Mengisi KRS dan memvalidasi kelayakan KRS'),
  (187, '127.0.0.1', 'Mengisi KRS dan memvalidasi kelayakan KRS'),
  (188, '127.0.0.1', 'Mengisi KRS dan memvalidasi kelayakan KRS'),
  (189, '127.0.0.1', 'Mengisi KRS dan memvalidasi kelayakan KRS'),
  (190, '127.0.0.1', 'Mengisi KRS dan memvalidasi kelayakan KRS'),
  (191, '127.0.0.1', 'Mengisi KRS dan memvalidasi kelayakan KRS'),
  (192, '127.0.0.1', 'Mengisi KRS dan memvalidasi kelayakan KRS'),
  (193, '127.0.0.1', 'Mengisi KRS dan memvalidasi kelayakan KRS'),
  (194, '127.0.0.1', 'Mengisi KRS dan memvalidasi kelayakan KRS'),
  (195, '127.0.0.1', 'Mengisi KRS dan memvalidasi kelayakan KRS'),
  (196, '127.0.0.1', 'Mengisi KRS dan memvalidasi kelayakan KRS'),
  (197, '127.0.0.1', 'Mengisi KRS dan memvalidasi kelayakan KRS'),
  (198, '127.0.0.1', 'Mengisi KRS dan memvalidasi kelayakan KRS'),
  (199, '127.0.0.1', 'Mengisi KRS dan memvalidasi kelayakan KRS'),
  (200, '127.0.0.1', 'Mengisi KRS dan memvalidasi kelayakan KRS'),
  (201, '127.0.0.1', 'Mengisi KRS dan memvalidasi kelayakan KRS'),
  (202, '127.0.0.1', 'Mengisi KRS dan memvalidasi kelayakan KRS'),
  (203, '127.0.0.1', 'Mengisi KRS dan memvalidasi kelayakan KRS'),
  (204, '127.0.0.1', 'Mengisi KRS dan memvalidasi kelayakan KRS'),
  (205, '127.0.0.1', 'Mengisi KRS dan memvalidasi kelayakan KRS'),
  (206, '127.0.0.1', 'Mengisi KRS dan memvalidasi kelayakan KRS'),
  (207, '127.0.0.1', 'Mengisi KRS dan memvalidasi kelayakan KRS'),
  (208, '127.0.0.1', 'Mengisi KRS dan memvalidasi kelayakan KRS'),
  (209, '127.0.0.1', 'Mengisi KRS dan memvalidasi kelayakan KRS'),
  (210, '127.0.0.1', 'Mengisi KRS dan memvalidasi kelayakan KRS');

